patient,file,start_sec,end_sec,probability_seizure,prediction
chb08,chb08_21.edf,0.0,4.0,0.0170413,0
chb08,chb08_21.edf,4.0,8.0,0.0065296562,0
chb08,chb08_21.edf,8.0,12.0,0.00020272005,0
chb08,chb08_21.edf,12.0,16.0,2.5590577e-06,0
chb08,chb08_21.edf,16.0,20.0,5.3072294e-05,0
chb08,chb08_21.edf,20.0,24.0,0.0008948961,0
chb08,chb08_21.edf,24.0,28.0,0.0017403755,0
chb08,chb08_21.edf,28.0,32.0,0.03662324,0
chb08,chb08_21.edf,32.0,36.0,0.032551955,0
chb08,chb08_21.edf,36.0,40.0,0.00021973789,0
chb08,chb08_21.edf,40.0,44.0,0.0010964036,0
chb08,chb08_21.edf,44.0,48.0,0.0015832011,0
chb08,chb08_21.edf,48.0,52.0,0.00023012045,0
chb08,chb08_21.edf,52.0,56.0,3.2202068e-05,0
chb08,chb08_21.edf,56.0,60.0,0.00046715967,0
chb08,chb08_21.edf,60.0,64.0,0.0020524226,0
chb08,chb08_21.edf,64.0,68.0,0.00083434297,0
chb08,chb08_21.edf,68.0,72.0,0.0008313404,0
chb08,chb08_21.edf,72.0,76.0,0.002314427,0
chb08,chb08_21.edf,76.0,80.0,0.00024780232,0
chb08,chb08_21.edf,80.0,84.0,0.00016737674,0
chb08,chb08_21.edf,84.0,88.0,0.0051486692,0
chb08,chb08_21.edf,88.0,92.0,0.0012705076,0
chb08,chb08_21.edf,92.0,96.0,0.0010146478,0
chb08,chb08_21.edf,96.0,100.0,0.0017497421,0
chb08,chb08_21.edf,100.0,104.0,0.000175042,0
chb08,chb08_21.edf,104.0,108.0,0.0007831081,0
chb08,chb08_21.edf,108.0,112.0,0.004608207,0
chb08,chb08_21.edf,112.0,116.0,0.0008575104,0
chb08,chb08_21.edf,116.0,120.0,0.0040125353,0
chb08,chb08_21.edf,120.0,124.0,0.0025536558,0
chb08,chb08_21.edf,124.0,128.0,0.0024501733,0
chb08,chb08_21.edf,128.0,132.0,0.0004580129,0
chb08,chb08_21.edf,132.0,136.0,0.0045969393,0
chb08,chb08_21.edf,136.0,140.0,0.000827827,0
chb08,chb08_21.edf,140.0,144.0,0.00055038126,0
chb08,chb08_21.edf,144.0,148.0,0.0018804345,0
chb08,chb08_21.edf,148.0,152.0,0.00031579137,0
chb08,chb08_21.edf,152.0,156.0,0.0012561411,0
chb08,chb08_21.edf,156.0,160.0,0.001534696,0
chb08,chb08_21.edf,160.0,164.0,0.0012910622,0
chb08,chb08_21.edf,164.0,168.0,0.00079106446,0
chb08,chb08_21.edf,168.0,172.0,4.2702857e-05,0
chb08,chb08_21.edf,172.0,176.0,3.7658527e-05,0
chb08,chb08_21.edf,176.0,180.0,2.5795278e-05,0
chb08,chb08_21.edf,180.0,184.0,0.00022344937,0
chb08,chb08_21.edf,184.0,188.0,0.0008992344,0
chb08,chb08_21.edf,188.0,192.0,0.00024670732,0
chb08,chb08_21.edf,192.0,196.0,0.00045252804,0
chb08,chb08_21.edf,196.0,200.0,0.0005772133,0
chb08,chb08_21.edf,200.0,204.0,0.00019324229,0
chb08,chb08_21.edf,204.0,208.0,4.5439057e-05,0
chb08,chb08_21.edf,208.0,212.0,0.0007896015,0
chb08,chb08_21.edf,212.0,216.0,0.00039329674,0
chb08,chb08_21.edf,216.0,220.0,0.00025565445,0
chb08,chb08_21.edf,220.0,224.0,5.0161943e-05,0
chb08,chb08_21.edf,224.0,228.0,0.0003253896,0
chb08,chb08_21.edf,228.0,232.0,0.0013060613,0
chb08,chb08_21.edf,232.0,236.0,0.0014397345,0
chb08,chb08_21.edf,236.0,240.0,0.00082060543,0
chb08,chb08_21.edf,240.0,244.0,0.0002817715,0
chb08,chb08_21.edf,244.0,248.0,2.797189e-05,0
chb08,chb08_21.edf,248.0,252.0,3.962147e-05,0
chb08,chb08_21.edf,252.0,256.0,2.6569047e-05,0
chb08,chb08_21.edf,256.0,260.0,0.00028257802,0
chb08,chb08_21.edf,260.0,264.0,0.005514172,0
chb08,chb08_21.edf,264.0,268.0,0.00086394284,0
chb08,chb08_21.edf,268.0,272.0,0.031692173,0
chb08,chb08_21.edf,272.0,276.0,0.0024749741,0
chb08,chb08_21.edf,276.0,280.0,0.1945968,0
chb08,chb08_21.edf,280.0,284.0,0.00071714347,0
chb08,chb08_21.edf,284.0,288.0,0.00039617033,0
chb08,chb08_21.edf,288.0,292.0,0.0030382338,0
chb08,chb08_21.edf,292.0,296.0,0.1027803,0
chb08,chb08_21.edf,296.0,300.0,0.052635644,0
chb08,chb08_21.edf,300.0,304.0,0.0012384339,0
chb08,chb08_21.edf,304.0,308.0,0.00016501572,0
chb08,chb08_21.edf,308.0,312.0,0.0027195518,0
chb08,chb08_21.edf,312.0,316.0,0.0005828678,0
chb08,chb08_21.edf,316.0,320.0,0.0005616768,0
chb08,chb08_21.edf,320.0,324.0,0.0010273962,0
chb08,chb08_21.edf,324.0,328.0,0.23887081,0
chb08,chb08_21.edf,328.0,332.0,0.00029495487,0
chb08,chb08_21.edf,332.0,336.0,0.0013525763,0
chb08,chb08_21.edf,336.0,340.0,0.0002795564,0
chb08,chb08_21.edf,340.0,344.0,0.0005816885,0
chb08,chb08_21.edf,344.0,348.0,0.0009890519,0
chb08,chb08_21.edf,348.0,352.0,0.00357497,0
chb08,chb08_21.edf,352.0,356.0,0.02565985,0
chb08,chb08_21.edf,356.0,360.0,0.004716829,0
chb08,chb08_21.edf,360.0,364.0,0.001237819,0
chb08,chb08_21.edf,364.0,368.0,0.00041019305,0
chb08,chb08_21.edf,368.0,372.0,0.000106440944,0
chb08,chb08_21.edf,372.0,376.0,0.00011243388,0
chb08,chb08_21.edf,376.0,380.0,0.0008598222,0
chb08,chb08_21.edf,380.0,384.0,0.00027214736,0
chb08,chb08_21.edf,384.0,388.0,1.4829923e-05,0
chb08,chb08_21.edf,388.0,392.0,3.9767965e-05,0
chb08,chb08_21.edf,392.0,396.0,0.0038926273,0
chb08,chb08_21.edf,396.0,400.0,0.00027458265,0
chb08,chb08_21.edf,400.0,404.0,0.00083077897,0
chb08,chb08_21.edf,404.0,408.0,0.00034854942,0
chb08,chb08_21.edf,408.0,412.0,0.00014862008,0
chb08,chb08_21.edf,412.0,416.0,0.00020944867,0
chb08,chb08_21.edf,416.0,420.0,0.00017090194,0
chb08,chb08_21.edf,420.0,424.0,1.3627693e-05,0
chb08,chb08_21.edf,424.0,428.0,0.00023847895,0
chb08,chb08_21.edf,428.0,432.0,0.0051317466,0
chb08,chb08_21.edf,432.0,436.0,0.003865456,0
chb08,chb08_21.edf,436.0,440.0,0.030790593,0
chb08,chb08_21.edf,440.0,444.0,0.004076115,0
chb08,chb08_21.edf,444.0,448.0,0.03390018,0
chb08,chb08_21.edf,448.0,452.0,0.0072542084,0
chb08,chb08_21.edf,452.0,456.0,0.0022982224,0
chb08,chb08_21.edf,456.0,460.0,0.001455354,0
chb08,chb08_21.edf,460.0,464.0,0.000422498,0
chb08,chb08_21.edf,464.0,468.0,0.00040984908,0
chb08,chb08_21.edf,468.0,472.0,0.0014189726,0
chb08,chb08_21.edf,472.0,476.0,0.0006249106,0
chb08,chb08_21.edf,476.0,480.0,0.0005525713,0
chb08,chb08_21.edf,480.0,484.0,0.00035897145,0
chb08,chb08_21.edf,484.0,488.0,0.0008849267,0
chb08,chb08_21.edf,488.0,492.0,0.0005932766,0
chb08,chb08_21.edf,492.0,496.0,0.0052462798,0
chb08,chb08_21.edf,496.0,500.0,0.005394355,0
chb08,chb08_21.edf,500.0,504.0,0.0024371813,0
chb08,chb08_21.edf,504.0,508.0,0.009439709,0
chb08,chb08_21.edf,508.0,512.0,0.02922553,0
chb08,chb08_21.edf,512.0,516.0,0.054516833,0
chb08,chb08_21.edf,516.0,520.0,0.00093584886,0
chb08,chb08_21.edf,520.0,524.0,0.012036683,0
chb08,chb08_21.edf,524.0,528.0,0.004108846,0
chb08,chb08_21.edf,528.0,532.0,0.0010794536,0
chb08,chb08_21.edf,532.0,536.0,0.00067804015,0
chb08,chb08_21.edf,536.0,540.0,0.015194843,0
chb08,chb08_21.edf,540.0,544.0,0.014418902,0
chb08,chb08_21.edf,544.0,548.0,0.016555568,0
chb08,chb08_21.edf,548.0,552.0,0.0004833125,0
chb08,chb08_21.edf,552.0,556.0,0.0005364617,0
chb08,chb08_21.edf,556.0,560.0,0.02142805,0
chb08,chb08_21.edf,560.0,564.0,0.0013417304,0
chb08,chb08_21.edf,564.0,568.0,0.003422995,0
chb08,chb08_21.edf,568.0,572.0,0.0031815625,0
chb08,chb08_21.edf,572.0,576.0,0.0023623519,0
chb08,chb08_21.edf,576.0,580.0,0.014767741,0
chb08,chb08_21.edf,580.0,584.0,0.002768238,0
chb08,chb08_21.edf,584.0,588.0,0.00021806212,0
chb08,chb08_21.edf,588.0,592.0,0.0010573862,0
chb08,chb08_21.edf,592.0,596.0,0.003798194,0
chb08,chb08_21.edf,596.0,600.0,0.0008875554,0
chb08,chb08_21.edf,600.0,604.0,0.00030174913,0
chb08,chb08_21.edf,604.0,608.0,0.00018533827,0
chb08,chb08_21.edf,608.0,612.0,0.0001576801,0
chb08,chb08_21.edf,612.0,616.0,0.0002493017,0
chb08,chb08_21.edf,616.0,620.0,0.0006922273,0
chb08,chb08_21.edf,620.0,624.0,0.0011820485,0
chb08,chb08_21.edf,624.0,628.0,0.00042769322,0
chb08,chb08_21.edf,628.0,632.0,0.00013685145,0
chb08,chb08_21.edf,632.0,636.0,0.0011457698,0
chb08,chb08_21.edf,636.0,640.0,0.0027169113,0
chb08,chb08_21.edf,640.0,644.0,0.001228504,0
chb08,chb08_21.edf,644.0,648.0,0.0023475974,0
chb08,chb08_21.edf,648.0,652.0,0.0059092315,0
chb08,chb08_21.edf,652.0,656.0,0.0008407712,0
chb08,chb08_21.edf,656.0,660.0,4.2295385e-05,0
chb08,chb08_21.edf,660.0,664.0,8.544593e-05,0
chb08,chb08_21.edf,664.0,668.0,6.448975e-06,0
chb08,chb08_21.edf,668.0,672.0,0.0012276459,0
chb08,chb08_21.edf,672.0,676.0,0.0003153798,0
chb08,chb08_21.edf,676.0,680.0,0.005718308,0
chb08,chb08_21.edf,680.0,684.0,0.0013032213,0
chb08,chb08_21.edf,684.0,688.0,0.011464672,0
chb08,chb08_21.edf,688.0,692.0,0.0002516931,0
chb08,chb08_21.edf,692.0,696.0,0.0012273834,0
chb08,chb08_21.edf,696.0,700.0,0.0005116891,0
chb08,chb08_21.edf,700.0,704.0,0.0021647224,0
chb08,chb08_21.edf,704.0,708.0,0.0004696135,0
chb08,chb08_21.edf,708.0,712.0,0.00042899905,0
chb08,chb08_21.edf,712.0,716.0,0.0012201722,0
chb08,chb08_21.edf,716.0,720.0,0.00023600708,0
chb08,chb08_21.edf,720.0,724.0,4.688773e-05,0
chb08,chb08_21.edf,724.0,728.0,3.4619065e-05,0
chb08,chb08_21.edf,728.0,732.0,3.124166e-05,0
chb08,chb08_21.edf,732.0,736.0,0.00043399126,0
chb08,chb08_21.edf,736.0,740.0,0.00016656445,0
chb08,chb08_21.edf,740.0,744.0,0.0008397335,0
chb08,chb08_21.edf,744.0,748.0,0.0008856757,0
chb08,chb08_21.edf,748.0,752.0,0.0002020385,0
chb08,chb08_21.edf,752.0,756.0,0.00046469207,0
chb08,chb08_21.edf,756.0,760.0,0.00011906059,0
chb08,chb08_21.edf,760.0,764.0,0.0045569832,0
chb08,chb08_21.edf,764.0,768.0,5.864336e-05,0
chb08,chb08_21.edf,768.0,772.0,2.4988836e-05,0
chb08,chb08_21.edf,772.0,776.0,4.6464706e-06,0
chb08,chb08_21.edf,776.0,780.0,0.00012819532,0
chb08,chb08_21.edf,780.0,784.0,5.3412678e-05,0
chb08,chb08_21.edf,784.0,788.0,0.00018428838,0
chb08,chb08_21.edf,788.0,792.0,0.0002773376,0
chb08,chb08_21.edf,792.0,796.0,0.00022103816,0
chb08,chb08_21.edf,796.0,800.0,0.0013192678,0
chb08,chb08_21.edf,800.0,804.0,0.00048158524,0
chb08,chb08_21.edf,804.0,808.0,0.0005638191,0
chb08,chb08_21.edf,808.0,812.0,0.000460762,0
chb08,chb08_21.edf,812.0,816.0,0.00027378564,0
chb08,chb08_21.edf,816.0,820.0,0.0007633571,0
chb08,chb08_21.edf,820.0,824.0,0.0018136781,0
chb08,chb08_21.edf,824.0,828.0,2.967784e-05,0
chb08,chb08_21.edf,828.0,832.0,0.00031394733,0
chb08,chb08_21.edf,832.0,836.0,0.0009956312,0
chb08,chb08_21.edf,836.0,840.0,0.0011211738,0
chb08,chb08_21.edf,840.0,844.0,0.005046688,0
chb08,chb08_21.edf,844.0,848.0,0.0013092639,0
chb08,chb08_21.edf,848.0,852.0,0.0008776844,0
chb08,chb08_21.edf,852.0,856.0,0.0004517163,0
chb08,chb08_21.edf,856.0,860.0,0.00016341811,0
chb08,chb08_21.edf,860.0,864.0,7.6552875e-05,0
chb08,chb08_21.edf,864.0,868.0,0.00031274074,0
chb08,chb08_21.edf,868.0,872.0,0.00016128768,0
chb08,chb08_21.edf,872.0,876.0,0.00015245721,0
chb08,chb08_21.edf,876.0,880.0,0.0014269195,0
chb08,chb08_21.edf,880.0,884.0,0.00085672963,0
chb08,chb08_21.edf,884.0,888.0,0.000577919,0
chb08,chb08_21.edf,888.0,892.0,0.00074076955,0
chb08,chb08_21.edf,892.0,896.0,0.010138328,0
chb08,chb08_21.edf,896.0,900.0,0.002156767,0
chb08,chb08_21.edf,900.0,904.0,0.0011101988,0
chb08,chb08_21.edf,904.0,908.0,0.00060977286,0
chb08,chb08_21.edf,908.0,912.0,0.000108542255,0
chb08,chb08_21.edf,912.0,916.0,0.0002888261,0
chb08,chb08_21.edf,916.0,920.0,0.000663531,0
chb08,chb08_21.edf,920.0,924.0,0.00057973823,0
chb08,chb08_21.edf,924.0,928.0,0.0008586015,0
chb08,chb08_21.edf,928.0,932.0,0.00046375662,0
chb08,chb08_21.edf,932.0,936.0,0.0050110947,0
chb08,chb08_21.edf,936.0,940.0,0.022565842,0
chb08,chb08_21.edf,940.0,944.0,0.0010344264,0
chb08,chb08_21.edf,944.0,948.0,0.0002091689,0
chb08,chb08_21.edf,948.0,952.0,0.00070422003,0
chb08,chb08_21.edf,952.0,956.0,0.0007723513,0
chb08,chb08_21.edf,956.0,960.0,0.0011817558,0
chb08,chb08_21.edf,960.0,964.0,0.00026395734,0
chb08,chb08_21.edf,964.0,968.0,4.2264983e-05,0
chb08,chb08_21.edf,968.0,972.0,0.001504056,0
chb08,chb08_21.edf,972.0,976.0,0.0031282164,0
chb08,chb08_21.edf,976.0,980.0,0.007755298,0
chb08,chb08_21.edf,980.0,984.0,0.0014846347,0
chb08,chb08_21.edf,984.0,988.0,0.00024170431,0
chb08,chb08_21.edf,988.0,992.0,0.0017764948,0
chb08,chb08_21.edf,992.0,996.0,0.044622723,0
chb08,chb08_21.edf,996.0,1000.0,0.0010973869,0
chb08,chb08_21.edf,1000.0,1004.0,0.0015195728,0
chb08,chb08_21.edf,1004.0,1008.0,0.00240778,0
chb08,chb08_21.edf,1008.0,1012.0,0.000605237,0
chb08,chb08_21.edf,1012.0,1016.0,0.00094178563,0
chb08,chb08_21.edf,1016.0,1020.0,0.00019552588,0
chb08,chb08_21.edf,1020.0,1024.0,0.0032744715,0
chb08,chb08_21.edf,1024.0,1028.0,0.00043500643,0
chb08,chb08_21.edf,1028.0,1032.0,0.0014078001,0
chb08,chb08_21.edf,1032.0,1036.0,0.0023649426,0
chb08,chb08_21.edf,1036.0,1040.0,0.0016457002,0
chb08,chb08_21.edf,1040.0,1044.0,0.0134382965,0
chb08,chb08_21.edf,1044.0,1048.0,0.08311331,0
chb08,chb08_21.edf,1048.0,1052.0,0.06715798,0
chb08,chb08_21.edf,1052.0,1056.0,0.20994177,0
chb08,chb08_21.edf,1056.0,1060.0,0.25926712,0
chb08,chb08_21.edf,1060.0,1064.0,0.0052673016,0
chb08,chb08_21.edf,1064.0,1068.0,0.06990531,0
chb08,chb08_21.edf,1068.0,1072.0,0.0884877,0
chb08,chb08_21.edf,1072.0,1076.0,0.3284218,0
chb08,chb08_21.edf,1076.0,1080.0,0.0007466097,0
chb08,chb08_21.edf,1080.0,1084.0,0.012033671,0
chb08,chb08_21.edf,1084.0,1088.0,0.0007332251,0
chb08,chb08_21.edf,1088.0,1092.0,0.006718348,0
chb08,chb08_21.edf,1092.0,1096.0,0.01067095,0
chb08,chb08_21.edf,1096.0,1100.0,0.021536274,0
chb08,chb08_21.edf,1100.0,1104.0,0.0073548863,0
chb08,chb08_21.edf,1104.0,1108.0,0.0013713639,0
chb08,chb08_21.edf,1108.0,1112.0,5.607117e-05,0
chb08,chb08_21.edf,1112.0,1116.0,0.0025342964,0
chb08,chb08_21.edf,1116.0,1120.0,0.0020308972,0
chb08,chb08_21.edf,1120.0,1124.0,0.004410555,0
chb08,chb08_21.edf,1124.0,1128.0,0.101228125,0
chb08,chb08_21.edf,1128.0,1132.0,0.032788824,0
chb08,chb08_21.edf,1132.0,1136.0,0.0067394846,0
chb08,chb08_21.edf,1136.0,1140.0,0.022790447,0
chb08,chb08_21.edf,1140.0,1144.0,0.008426995,0
chb08,chb08_21.edf,1144.0,1148.0,0.0036881543,0
chb08,chb08_21.edf,1148.0,1152.0,0.0003519744,0
chb08,chb08_21.edf,1152.0,1156.0,0.0019568,0
chb08,chb08_21.edf,1156.0,1160.0,0.0010869908,0
chb08,chb08_21.edf,1160.0,1164.0,0.005827657,0
chb08,chb08_21.edf,1164.0,1168.0,0.0034630713,0
chb08,chb08_21.edf,1168.0,1172.0,0.00037338177,0
chb08,chb08_21.edf,1172.0,1176.0,6.121527e-05,0
chb08,chb08_21.edf,1176.0,1180.0,1.40245465e-05,0
chb08,chb08_21.edf,1180.0,1184.0,5.506879e-05,0
chb08,chb08_21.edf,1184.0,1188.0,0.00015371286,0
chb08,chb08_21.edf,1188.0,1192.0,9.380358e-05,0
chb08,chb08_21.edf,1192.0,1196.0,2.2524211e-05,0
chb08,chb08_21.edf,1196.0,1200.0,0.00017094171,0
chb08,chb08_21.edf,1200.0,1204.0,0.0033268994,0
chb08,chb08_21.edf,1204.0,1208.0,7.3253235e-05,0
chb08,chb08_21.edf,1208.0,1212.0,6.944207e-05,0
chb08,chb08_21.edf,1212.0,1216.0,0.0001225815,0
chb08,chb08_21.edf,1216.0,1220.0,3.5311503e-05,0
chb08,chb08_21.edf,1220.0,1224.0,0.00041670396,0
chb08,chb08_21.edf,1224.0,1228.0,0.07396466,0
chb08,chb08_21.edf,1228.0,1232.0,0.0014488478,0
chb08,chb08_21.edf,1232.0,1236.0,0.00050886685,0
chb08,chb08_21.edf,1236.0,1240.0,0.0013513821,0
chb08,chb08_21.edf,1240.0,1244.0,0.0006775331,0
chb08,chb08_21.edf,1244.0,1248.0,0.001202185,0
chb08,chb08_21.edf,1248.0,1252.0,0.0011393598,0
chb08,chb08_21.edf,1252.0,1256.0,0.0013665102,0
chb08,chb08_21.edf,1256.0,1260.0,6.1497645e-05,0
chb08,chb08_21.edf,1260.0,1264.0,0.00019320802,0
chb08,chb08_21.edf,1264.0,1268.0,5.7485693e-05,0
chb08,chb08_21.edf,1268.0,1272.0,0.0002505859,0
chb08,chb08_21.edf,1272.0,1276.0,0.000732651,0
chb08,chb08_21.edf,1276.0,1280.0,0.0032226865,0
chb08,chb08_21.edf,1280.0,1284.0,0.00067185157,0
chb08,chb08_21.edf,1284.0,1288.0,0.00022498476,0
chb08,chb08_21.edf,1288.0,1292.0,0.0019157368,0
chb08,chb08_21.edf,1292.0,1296.0,0.0021360158,0
chb08,chb08_21.edf,1296.0,1300.0,0.0005771258,0
chb08,chb08_21.edf,1300.0,1304.0,0.0013396001,0
chb08,chb08_21.edf,1304.0,1308.0,0.0015583497,0
chb08,chb08_21.edf,1308.0,1312.0,0.00017197101,0
chb08,chb08_21.edf,1312.0,1316.0,0.0001288731,0
chb08,chb08_21.edf,1316.0,1320.0,5.8855472e-05,0
chb08,chb08_21.edf,1320.0,1324.0,0.13928175,0
chb08,chb08_21.edf,1324.0,1328.0,0.009909192,0
chb08,chb08_21.edf,1328.0,1332.0,0.039839588,0
chb08,chb08_21.edf,1332.0,1336.0,0.0051586195,0
chb08,chb08_21.edf,1336.0,1340.0,0.0002792442,0
chb08,chb08_21.edf,1340.0,1344.0,0.0032956863,0
chb08,chb08_21.edf,1344.0,1348.0,0.0005286426,0
chb08,chb08_21.edf,1348.0,1352.0,0.0013234529,0
chb08,chb08_21.edf,1352.0,1356.0,8.066566e-06,0
chb08,chb08_21.edf,1356.0,1360.0,2.1978796e-05,0
chb08,chb08_21.edf,1360.0,1364.0,0.0002849588,0
chb08,chb08_21.edf,1364.0,1368.0,0.0005635816,0
chb08,chb08_21.edf,1368.0,1372.0,0.00040515492,0
chb08,chb08_21.edf,1372.0,1376.0,6.666463e-05,0
chb08,chb08_21.edf,1376.0,1380.0,7.247185e-05,0
chb08,chb08_21.edf,1380.0,1384.0,0.00047236992,0
chb08,chb08_21.edf,1384.0,1388.0,0.0006832927,0
chb08,chb08_21.edf,1388.0,1392.0,7.447863e-05,0
chb08,chb08_21.edf,1392.0,1396.0,3.736398e-05,0
chb08,chb08_21.edf,1396.0,1400.0,1.6385453e-05,0
chb08,chb08_21.edf,1400.0,1404.0,0.0002957278,0
chb08,chb08_21.edf,1404.0,1408.0,0.00090729154,0
chb08,chb08_21.edf,1408.0,1412.0,0.00039921957,0
chb08,chb08_21.edf,1412.0,1416.0,7.694766e-05,0
chb08,chb08_21.edf,1416.0,1420.0,0.00026855452,0
chb08,chb08_21.edf,1420.0,1424.0,0.00015162592,0
chb08,chb08_21.edf,1424.0,1428.0,0.00019524158,0
chb08,chb08_21.edf,1428.0,1432.0,0.0020780168,0
chb08,chb08_21.edf,1432.0,1436.0,0.00026883068,0
chb08,chb08_21.edf,1436.0,1440.0,0.0008593214,0
chb08,chb08_21.edf,1440.0,1444.0,0.000115957046,0
chb08,chb08_21.edf,1444.0,1448.0,0.00017749364,0
chb08,chb08_21.edf,1448.0,1452.0,0.00011000918,0
chb08,chb08_21.edf,1452.0,1456.0,7.0874485e-05,0
chb08,chb08_21.edf,1456.0,1460.0,0.00026497603,0
chb08,chb08_21.edf,1460.0,1464.0,0.0010961363,0
chb08,chb08_21.edf,1464.0,1468.0,0.000114295435,0
chb08,chb08_21.edf,1468.0,1472.0,0.0005846393,0
chb08,chb08_21.edf,1472.0,1476.0,0.005265418,0
chb08,chb08_21.edf,1476.0,1480.0,0.00057637,0
chb08,chb08_21.edf,1480.0,1484.0,5.0043596e-05,0
chb08,chb08_21.edf,1484.0,1488.0,9.481394e-05,0
chb08,chb08_21.edf,1488.0,1492.0,0.00021130673,0
chb08,chb08_21.edf,1492.0,1496.0,0.0007475412,0
chb08,chb08_21.edf,1496.0,1500.0,2.3516417e-05,0
chb08,chb08_21.edf,1500.0,1504.0,5.5468874e-05,0
chb08,chb08_21.edf,1504.0,1508.0,0.0001471506,0
chb08,chb08_21.edf,1508.0,1512.0,0.000109800414,0
chb08,chb08_21.edf,1512.0,1516.0,0.000121868696,0
chb08,chb08_21.edf,1516.0,1520.0,0.0003490815,0
chb08,chb08_21.edf,1520.0,1524.0,0.00075015664,0
chb08,chb08_21.edf,1524.0,1528.0,1.0724139e-05,0
chb08,chb08_21.edf,1528.0,1532.0,0.00014967889,0
chb08,chb08_21.edf,1532.0,1536.0,7.111238e-05,0
chb08,chb08_21.edf,1536.0,1540.0,3.5306486e-05,0
chb08,chb08_21.edf,1540.0,1544.0,7.415731e-05,0
chb08,chb08_21.edf,1544.0,1548.0,0.000114174734,0
chb08,chb08_21.edf,1548.0,1552.0,7.7084114e-05,0
chb08,chb08_21.edf,1552.0,1556.0,0.0003546209,0
chb08,chb08_21.edf,1556.0,1560.0,0.004086779,0
chb08,chb08_21.edf,1560.0,1564.0,0.00065603823,0
chb08,chb08_21.edf,1564.0,1568.0,6.7366316e-05,0
chb08,chb08_21.edf,1568.0,1572.0,0.0001873787,0
chb08,chb08_21.edf,1572.0,1576.0,2.6599268e-05,0
chb08,chb08_21.edf,1576.0,1580.0,0.00028646106,0
chb08,chb08_21.edf,1580.0,1584.0,0.00014252492,0
chb08,chb08_21.edf,1584.0,1588.0,0.00026713265,0
chb08,chb08_21.edf,1588.0,1592.0,0.00014644874,0
chb08,chb08_21.edf,1592.0,1596.0,5.7932444e-05,0
chb08,chb08_21.edf,1596.0,1600.0,0.00031173753,0
chb08,chb08_21.edf,1600.0,1604.0,7.7680204e-05,0
chb08,chb08_21.edf,1604.0,1608.0,0.00037022983,0
chb08,chb08_21.edf,1608.0,1612.0,2.91634e-05,0
chb08,chb08_21.edf,1612.0,1616.0,7.0760965e-05,0
chb08,chb08_21.edf,1616.0,1620.0,4.8660306e-05,0
chb08,chb08_21.edf,1620.0,1624.0,0.00020714784,0
chb08,chb08_21.edf,1624.0,1628.0,0.00030852892,0
chb08,chb08_21.edf,1628.0,1632.0,0.0009738425,0
chb08,chb08_21.edf,1632.0,1636.0,0.0104355095,0
chb08,chb08_21.edf,1636.0,1640.0,8.263463e-05,0
chb08,chb08_21.edf,1640.0,1644.0,5.4712844e-05,0
chb08,chb08_21.edf,1644.0,1648.0,7.16487e-05,0
chb08,chb08_21.edf,1648.0,1652.0,0.00016567884,0
chb08,chb08_21.edf,1652.0,1656.0,9.194451e-05,0
chb08,chb08_21.edf,1656.0,1660.0,0.00017166352,0
chb08,chb08_21.edf,1660.0,1664.0,0.0003610551,0
chb08,chb08_21.edf,1664.0,1668.0,0.0005333206,0
chb08,chb08_21.edf,1668.0,1672.0,0.00017352047,0
chb08,chb08_21.edf,1672.0,1676.0,0.0070106406,0
chb08,chb08_21.edf,1676.0,1680.0,8.5301996e-05,0
chb08,chb08_21.edf,1680.0,1684.0,0.00065539335,0
chb08,chb08_21.edf,1684.0,1688.0,0.00013911643,0
chb08,chb08_21.edf,1688.0,1692.0,0.000116770156,0
chb08,chb08_21.edf,1692.0,1696.0,0.000873443,0
chb08,chb08_21.edf,1696.0,1700.0,0.008616216,0
chb08,chb08_21.edf,1700.0,1704.0,0.00077825284,0
chb08,chb08_21.edf,1704.0,1708.0,9.1717186e-05,0
chb08,chb08_21.edf,1708.0,1712.0,0.0013631936,0
chb08,chb08_21.edf,1712.0,1716.0,0.000112861715,0
chb08,chb08_21.edf,1716.0,1720.0,0.00052124384,0
chb08,chb08_21.edf,1720.0,1724.0,0.0015905715,0
chb08,chb08_21.edf,1724.0,1728.0,0.00016320663,0
chb08,chb08_21.edf,1728.0,1732.0,5.9684164e-05,0
chb08,chb08_21.edf,1732.0,1736.0,0.001826895,0
chb08,chb08_21.edf,1736.0,1740.0,0.00197172,0
chb08,chb08_21.edf,1740.0,1744.0,0.0025275575,0
chb08,chb08_21.edf,1744.0,1748.0,0.00012456365,0
chb08,chb08_21.edf,1748.0,1752.0,2.5078409e-05,0
chb08,chb08_21.edf,1752.0,1756.0,0.00088755495,0
chb08,chb08_21.edf,1756.0,1760.0,1.5218578e-05,0
chb08,chb08_21.edf,1760.0,1764.0,0.0010848752,0
chb08,chb08_21.edf,1764.0,1768.0,0.0032397152,0
chb08,chb08_21.edf,1768.0,1772.0,0.011688602,0
chb08,chb08_21.edf,1772.0,1776.0,4.2243464e-05,0
chb08,chb08_21.edf,1776.0,1780.0,6.6916145e-05,0
chb08,chb08_21.edf,1780.0,1784.0,1.761018e-05,0
chb08,chb08_21.edf,1784.0,1788.0,1.1523596e-05,0
chb08,chb08_21.edf,1788.0,1792.0,0.0015296494,0
chb08,chb08_21.edf,1792.0,1796.0,0.005431552,0
chb08,chb08_21.edf,1796.0,1800.0,0.005975847,0
chb08,chb08_21.edf,1800.0,1804.0,0.00027137678,0
chb08,chb08_21.edf,1804.0,1808.0,0.0007530244,0
chb08,chb08_21.edf,1808.0,1812.0,4.7437145e-05,0
chb08,chb08_21.edf,1812.0,1816.0,9.962177e-05,0
chb08,chb08_21.edf,1816.0,1820.0,0.00034392322,0
chb08,chb08_21.edf,1820.0,1824.0,8.292314e-05,0
chb08,chb08_21.edf,1824.0,1828.0,6.9539674e-05,0
chb08,chb08_21.edf,1828.0,1832.0,0.0003966013,0
chb08,chb08_21.edf,1832.0,1836.0,0.0002191719,0
chb08,chb08_21.edf,1836.0,1840.0,0.00031617997,0
chb08,chb08_21.edf,1840.0,1844.0,5.5749668e-05,0
chb08,chb08_21.edf,1844.0,1848.0,6.692757e-05,0
chb08,chb08_21.edf,1848.0,1852.0,0.00013001509,0
chb08,chb08_21.edf,1852.0,1856.0,0.00078271574,0
chb08,chb08_21.edf,1856.0,1860.0,0.0003034929,0
chb08,chb08_21.edf,1860.0,1864.0,1.6852744e-05,0
chb08,chb08_21.edf,1864.0,1868.0,0.02010637,0
chb08,chb08_21.edf,1868.0,1872.0,0.00014164562,0
chb08,chb08_21.edf,1872.0,1876.0,0.00014471078,0
chb08,chb08_21.edf,1876.0,1880.0,0.0002337602,0
chb08,chb08_21.edf,1880.0,1884.0,0.00019810637,0
chb08,chb08_21.edf,1884.0,1888.0,0.0001283815,0
chb08,chb08_21.edf,1888.0,1892.0,0.00030229395,0
chb08,chb08_21.edf,1892.0,1896.0,9.073004e-05,0
chb08,chb08_21.edf,1896.0,1900.0,0.00013837634,0
chb08,chb08_21.edf,1900.0,1904.0,5.6239212e-05,0
chb08,chb08_21.edf,1904.0,1908.0,9.148187e-05,0
chb08,chb08_21.edf,1908.0,1912.0,4.7146616e-05,0
chb08,chb08_21.edf,1912.0,1916.0,0.0021857698,0
chb08,chb08_21.edf,1916.0,1920.0,0.005255654,0
chb08,chb08_21.edf,1920.0,1924.0,0.0008985517,0
chb08,chb08_21.edf,1924.0,1928.0,0.00013999938,0
chb08,chb08_21.edf,1928.0,1932.0,0.005009352,0
chb08,chb08_21.edf,1932.0,1936.0,0.0028424365,0
chb08,chb08_21.edf,1936.0,1940.0,0.00014567202,0
chb08,chb08_21.edf,1940.0,1944.0,0.00095862144,0
chb08,chb08_21.edf,1944.0,1948.0,0.0004863115,0
chb08,chb08_21.edf,1948.0,1952.0,0.00030988496,0
chb08,chb08_21.edf,1952.0,1956.0,0.0055179964,0
chb08,chb08_21.edf,1956.0,1960.0,0.0005382739,0
chb08,chb08_21.edf,1960.0,1964.0,0.014077637,0
chb08,chb08_21.edf,1964.0,1968.0,0.0022256137,0
chb08,chb08_21.edf,1968.0,1972.0,0.00026165068,0
chb08,chb08_21.edf,1972.0,1976.0,0.0023207357,0
chb08,chb08_21.edf,1976.0,1980.0,0.0018501565,0
chb08,chb08_21.edf,1980.0,1984.0,0.00018679518,0
chb08,chb08_21.edf,1984.0,1988.0,7.425418e-05,0
chb08,chb08_21.edf,1988.0,1992.0,7.934827e-05,0
chb08,chb08_21.edf,1992.0,1996.0,0.0009894808,0
chb08,chb08_21.edf,1996.0,2000.0,0.0048098736,0
chb08,chb08_21.edf,2000.0,2004.0,0.0004382283,0
chb08,chb08_21.edf,2004.0,2008.0,0.0010551045,0
chb08,chb08_21.edf,2008.0,2012.0,0.00013550025,0
chb08,chb08_21.edf,2012.0,2016.0,0.00013677082,0
chb08,chb08_21.edf,2016.0,2020.0,0.00018695199,0
chb08,chb08_21.edf,2020.0,2024.0,0.000112668175,0
chb08,chb08_21.edf,2024.0,2028.0,0.0026193447,0
chb08,chb08_21.edf,2028.0,2032.0,0.011345063,0
chb08,chb08_21.edf,2032.0,2036.0,0.0017222834,0
chb08,chb08_21.edf,2036.0,2040.0,0.0029041448,0
chb08,chb08_21.edf,2040.0,2044.0,0.08135897,0
chb08,chb08_21.edf,2044.0,2048.0,0.0022827282,0
chb08,chb08_21.edf,2048.0,2052.0,0.0032555058,0
chb08,chb08_21.edf,2052.0,2056.0,0.0012679652,0
chb08,chb08_21.edf,2056.0,2060.0,0.062931426,0
chb08,chb08_21.edf,2060.0,2064.0,0.006072979,0
chb08,chb08_21.edf,2064.0,2068.0,0.009132237,0
chb08,chb08_21.edf,2068.0,2072.0,0.0031825243,0
chb08,chb08_21.edf,2072.0,2076.0,0.0059767426,0
chb08,chb08_21.edf,2076.0,2080.0,0.0004011228,0
chb08,chb08_21.edf,2080.0,2084.0,0.008920397,0
chb08,chb08_21.edf,2084.0,2088.0,0.07857117,0
chb08,chb08_21.edf,2088.0,2092.0,0.25859717,0
chb08,chb08_21.edf,2092.0,2096.0,0.88560414,1
chb08,chb08_21.edf,2096.0,2100.0,0.99762625,1
chb08,chb08_21.edf,2100.0,2104.0,0.9951617,1
chb08,chb08_21.edf,2104.0,2108.0,0.9925527,1
chb08,chb08_21.edf,2108.0,2112.0,0.9647235,1
chb08,chb08_21.edf,2112.0,2116.0,0.97289497,1
chb08,chb08_21.edf,2116.0,2120.0,0.98162675,1
chb08,chb08_21.edf,2120.0,2124.0,0.9872821,1
chb08,chb08_21.edf,2124.0,2128.0,0.9932191,1
chb08,chb08_21.edf,2128.0,2132.0,0.99701333,1
chb08,chb08_21.edf,2132.0,2136.0,0.997733,1
chb08,chb08_21.edf,2136.0,2140.0,0.950478,1
chb08,chb08_21.edf,2140.0,2144.0,0.9724176,1
chb08,chb08_21.edf,2144.0,2148.0,0.93619627,1
chb08,chb08_21.edf,2148.0,2152.0,0.85421306,1
chb08,chb08_21.edf,2152.0,2156.0,0.9913741,1
chb08,chb08_21.edf,2156.0,2160.0,0.98636484,1
chb08,chb08_21.edf,2160.0,2164.0,0.9845606,1
chb08,chb08_21.edf,2164.0,2168.0,0.98914975,1
chb08,chb08_21.edf,2168.0,2172.0,0.9844068,1
chb08,chb08_21.edf,2172.0,2176.0,0.9719505,1
chb08,chb08_21.edf,2176.0,2180.0,0.99760616,1
chb08,chb08_21.edf,2180.0,2184.0,0.9933602,1
chb08,chb08_21.edf,2184.0,2188.0,0.98487157,1
chb08,chb08_21.edf,2188.0,2192.0,0.9847853,1
chb08,chb08_21.edf,2192.0,2196.0,0.98938507,1
chb08,chb08_21.edf,2196.0,2200.0,0.98201215,1
chb08,chb08_21.edf,2200.0,2204.0,0.985036,1
chb08,chb08_21.edf,2204.0,2208.0,0.9757254,1
chb08,chb08_21.edf,2208.0,2212.0,0.74466515,1
chb08,chb08_21.edf,2212.0,2216.0,0.5693058,1
chb08,chb08_21.edf,2216.0,2220.0,0.63652164,1
chb08,chb08_21.edf,2220.0,2224.0,0.9608809,1
chb08,chb08_21.edf,2224.0,2228.0,0.49744275,0
chb08,chb08_21.edf,2228.0,2232.0,0.4143257,0
chb08,chb08_21.edf,2232.0,2236.0,0.78737766,1
chb08,chb08_21.edf,2236.0,2240.0,0.04977531,0
chb08,chb08_21.edf,2240.0,2244.0,0.0992281,0
chb08,chb08_21.edf,2244.0,2248.0,0.1727602,0
chb08,chb08_21.edf,2248.0,2252.0,0.0032968568,0
chb08,chb08_21.edf,2252.0,2256.0,0.1300733,0
chb08,chb08_21.edf,2256.0,2260.0,0.06632681,0
chb08,chb08_21.edf,2260.0,2264.0,0.06936117,0
chb08,chb08_21.edf,2264.0,2268.0,0.0870438,0
chb08,chb08_21.edf,2268.0,2272.0,0.09826414,0
chb08,chb08_21.edf,2272.0,2276.0,0.010947913,0
chb08,chb08_21.edf,2276.0,2280.0,0.120056525,0
chb08,chb08_21.edf,2280.0,2284.0,0.19805649,0
chb08,chb08_21.edf,2284.0,2288.0,0.003607111,0
chb08,chb08_21.edf,2288.0,2292.0,0.005444119,0
chb08,chb08_21.edf,2292.0,2296.0,0.027400846,0
chb08,chb08_21.edf,2296.0,2300.0,0.044627603,0
chb08,chb08_21.edf,2300.0,2304.0,0.22144468,0
chb08,chb08_21.edf,2304.0,2308.0,0.347358,0
chb08,chb08_21.edf,2308.0,2312.0,0.18283513,0
chb08,chb08_21.edf,2312.0,2316.0,0.016773485,0
chb08,chb08_21.edf,2316.0,2320.0,0.82825696,1
chb08,chb08_21.edf,2320.0,2324.0,0.0028562732,0
chb08,chb08_21.edf,2324.0,2328.0,0.017701847,0
chb08,chb08_21.edf,2328.0,2332.0,0.03774873,0
chb08,chb08_21.edf,2332.0,2336.0,0.0025973853,0
chb08,chb08_21.edf,2336.0,2340.0,0.0005251006,0
chb08,chb08_21.edf,2340.0,2344.0,0.0017130174,0
chb08,chb08_21.edf,2344.0,2348.0,0.063085206,0
chb08,chb08_21.edf,2348.0,2352.0,0.0042983554,0
chb08,chb08_21.edf,2352.0,2356.0,0.0011513261,0
chb08,chb08_21.edf,2356.0,2360.0,0.0011965665,0
chb08,chb08_21.edf,2360.0,2364.0,0.015467612,0
chb08,chb08_21.edf,2364.0,2368.0,0.015704535,0
chb08,chb08_21.edf,2368.0,2372.0,0.0053410563,0
chb08,chb08_21.edf,2372.0,2376.0,0.010540115,0
chb08,chb08_21.edf,2376.0,2380.0,0.081316166,0
chb08,chb08_21.edf,2380.0,2384.0,0.28319284,0
chb08,chb08_21.edf,2384.0,2388.0,0.8586469,1
chb08,chb08_21.edf,2388.0,2392.0,0.015343412,0
chb08,chb08_21.edf,2392.0,2396.0,0.1559192,0
chb08,chb08_21.edf,2396.0,2400.0,0.016932018,0
chb08,chb08_21.edf,2400.0,2404.0,0.0024736866,0
chb08,chb08_21.edf,2404.0,2408.0,0.0072243386,0
chb08,chb08_21.edf,2408.0,2412.0,0.009585249,0
chb08,chb08_21.edf,2412.0,2416.0,0.019618895,0
chb08,chb08_21.edf,2416.0,2420.0,0.19503313,0
chb08,chb08_21.edf,2420.0,2424.0,0.024608063,0
chb08,chb08_21.edf,2424.0,2428.0,0.0014457756,0
chb08,chb08_21.edf,2428.0,2432.0,0.025362857,0
chb08,chb08_21.edf,2432.0,2436.0,0.0045832223,0
chb08,chb08_21.edf,2436.0,2440.0,0.013961433,0
chb08,chb08_21.edf,2440.0,2444.0,0.12471599,0
chb08,chb08_21.edf,2444.0,2448.0,0.94971013,1
chb08,chb08_21.edf,2448.0,2452.0,0.122217566,0
chb08,chb08_21.edf,2452.0,2456.0,0.0124082435,0
chb08,chb08_21.edf,2456.0,2460.0,0.06292383,0
chb08,chb08_21.edf,2460.0,2464.0,0.5613964,1
chb08,chb08_21.edf,2464.0,2468.0,0.10887097,0
chb08,chb08_21.edf,2468.0,2472.0,0.007200674,0
chb08,chb08_21.edf,2472.0,2476.0,0.06374672,0
chb08,chb08_21.edf,2476.0,2480.0,0.026552614,0
chb08,chb08_21.edf,2480.0,2484.0,0.052921206,0
chb08,chb08_21.edf,2484.0,2488.0,0.31769058,0
chb08,chb08_21.edf,2488.0,2492.0,0.9096956,1
chb08,chb08_21.edf,2492.0,2496.0,0.031913783,0
chb08,chb08_21.edf,2496.0,2500.0,0.0004888985,0
chb08,chb08_21.edf,2500.0,2504.0,0.0006539271,0
chb08,chb08_21.edf,2504.0,2508.0,0.074087806,0
chb08,chb08_21.edf,2508.0,2512.0,0.0019324622,0
chb08,chb08_21.edf,2512.0,2516.0,0.003246806,0
chb08,chb08_21.edf,2516.0,2520.0,0.0001925722,0
chb08,chb08_21.edf,2520.0,2524.0,0.00020754007,0
chb08,chb08_21.edf,2524.0,2528.0,0.00016561772,0
chb08,chb08_21.edf,2528.0,2532.0,0.0037818577,0
chb08,chb08_21.edf,2532.0,2536.0,0.0010870167,0
chb08,chb08_21.edf,2536.0,2540.0,0.1361164,0
chb08,chb08_21.edf,2540.0,2544.0,0.0012533291,0
chb08,chb08_21.edf,2544.0,2548.0,0.015972089,0
chb08,chb08_21.edf,2548.0,2552.0,0.0906954,0
chb08,chb08_21.edf,2552.0,2556.0,0.03299907,0
chb08,chb08_21.edf,2556.0,2560.0,0.12399572,0
chb08,chb08_21.edf,2560.0,2564.0,0.6125166,1
chb08,chb08_21.edf,2564.0,2568.0,0.078895666,0
chb08,chb08_21.edf,2568.0,2572.0,0.030742781,0
chb08,chb08_21.edf,2572.0,2576.0,0.0035358642,0
chb08,chb08_21.edf,2576.0,2580.0,0.002868132,0
chb08,chb08_21.edf,2580.0,2584.0,0.009737829,0
chb08,chb08_21.edf,2584.0,2588.0,0.010114063,0
chb08,chb08_21.edf,2588.0,2592.0,0.0012600536,0
chb08,chb08_21.edf,2592.0,2596.0,0.0076769353,0
chb08,chb08_21.edf,2596.0,2600.0,0.00066573656,0
chb08,chb08_21.edf,2600.0,2604.0,0.115926825,0
chb08,chb08_21.edf,2604.0,2608.0,0.01670544,0
chb08,chb08_21.edf,2608.0,2612.0,0.0040955604,0
chb08,chb08_21.edf,2612.0,2616.0,0.042161487,0
chb08,chb08_21.edf,2616.0,2620.0,0.0010030804,0
chb08,chb08_21.edf,2620.0,2624.0,0.00088988576,0
chb08,chb08_21.edf,2624.0,2628.0,0.0006555542,0
chb08,chb08_21.edf,2628.0,2632.0,0.045377083,0
chb08,chb08_21.edf,2632.0,2636.0,0.033943363,0
chb08,chb08_21.edf,2636.0,2640.0,0.5150033,1
chb08,chb08_21.edf,2640.0,2644.0,0.0037480923,0
chb08,chb08_21.edf,2644.0,2648.0,0.040298533,0
chb08,chb08_21.edf,2648.0,2652.0,0.49603876,0
chb08,chb08_21.edf,2652.0,2656.0,0.22145478,0
chb08,chb08_21.edf,2656.0,2660.0,0.0017588758,0
chb08,chb08_21.edf,2660.0,2664.0,0.0013928739,0
chb08,chb08_21.edf,2664.0,2668.0,0.0009990138,0
chb08,chb08_21.edf,2668.0,2672.0,0.10647009,0
chb08,chb08_21.edf,2672.0,2676.0,0.03102483,0
chb08,chb08_21.edf,2676.0,2680.0,0.020244157,0
chb08,chb08_21.edf,2680.0,2684.0,0.00018141032,0
chb08,chb08_21.edf,2684.0,2688.0,0.0026515583,0
chb08,chb08_21.edf,2688.0,2692.0,0.001024917,0
chb08,chb08_21.edf,2692.0,2696.0,0.00027261922,0
chb08,chb08_21.edf,2696.0,2700.0,0.0023300094,0
chb08,chb08_21.edf,2700.0,2704.0,0.005702505,0
chb08,chb08_21.edf,2704.0,2708.0,0.0009781991,0
chb08,chb08_21.edf,2708.0,2712.0,0.012294902,0
chb08,chb08_21.edf,2712.0,2716.0,0.27915928,0
chb08,chb08_21.edf,2716.0,2720.0,0.026311046,0
chb08,chb08_21.edf,2720.0,2724.0,0.008574445,0
chb08,chb08_21.edf,2724.0,2728.0,0.014636953,0
chb08,chb08_21.edf,2728.0,2732.0,0.0035175402,0
chb08,chb08_21.edf,2732.0,2736.0,0.059964824,0
chb08,chb08_21.edf,2736.0,2740.0,0.0048895106,0
chb08,chb08_21.edf,2740.0,2744.0,0.012928898,0
chb08,chb08_21.edf,2744.0,2748.0,0.035013705,0
chb08,chb08_21.edf,2748.0,2752.0,0.11611759,0
chb08,chb08_21.edf,2752.0,2756.0,0.06315275,0
chb08,chb08_21.edf,2756.0,2760.0,0.06574994,0
chb08,chb08_21.edf,2760.0,2764.0,0.019266402,0
chb08,chb08_21.edf,2764.0,2768.0,0.0022381714,0
chb08,chb08_21.edf,2768.0,2772.0,0.0031327787,0
chb08,chb08_21.edf,2772.0,2776.0,0.0018131887,0
chb08,chb08_21.edf,2776.0,2780.0,0.011481428,0
chb08,chb08_21.edf,2780.0,2784.0,0.008456555,0
chb08,chb08_21.edf,2784.0,2788.0,0.033903383,0
chb08,chb08_21.edf,2788.0,2792.0,0.00095115043,0
chb08,chb08_21.edf,2792.0,2796.0,0.002134885,0
chb08,chb08_21.edf,2796.0,2800.0,0.0064725694,0
chb08,chb08_21.edf,2800.0,2804.0,0.00378767,0
chb08,chb08_21.edf,2804.0,2808.0,0.0003279377,0
chb08,chb08_21.edf,2808.0,2812.0,0.0020191965,0
chb08,chb08_21.edf,2812.0,2816.0,0.0016344128,0
chb08,chb08_21.edf,2816.0,2820.0,0.010627955,0
chb08,chb08_21.edf,2820.0,2824.0,0.00048053561,0
chb08,chb08_21.edf,2824.0,2828.0,0.008906963,0
chb08,chb08_21.edf,2828.0,2832.0,0.0054317736,0
chb08,chb08_21.edf,2832.0,2836.0,0.0022453696,0
chb08,chb08_21.edf,2836.0,2840.0,0.00022263447,0
chb08,chb08_21.edf,2840.0,2844.0,0.00021439289,0
chb08,chb08_21.edf,2844.0,2848.0,0.00045564826,0
chb08,chb08_21.edf,2848.0,2852.0,0.00041691854,0
chb08,chb08_21.edf,2852.0,2856.0,0.00068983046,0
chb08,chb08_21.edf,2856.0,2860.0,0.0003290162,0
chb08,chb08_21.edf,2860.0,2864.0,0.0011741996,0
chb08,chb08_21.edf,2864.0,2868.0,0.018427406,0
chb08,chb08_21.edf,2868.0,2872.0,0.02401362,0
chb08,chb08_21.edf,2872.0,2876.0,0.0050526983,0
chb08,chb08_21.edf,2876.0,2880.0,0.002442901,0
chb08,chb08_21.edf,2880.0,2884.0,0.0023739054,0
chb08,chb08_21.edf,2884.0,2888.0,0.025282,0
chb08,chb08_21.edf,2888.0,2892.0,0.74706066,1
chb08,chb08_21.edf,2892.0,2896.0,0.0027760207,0
chb08,chb08_21.edf,2896.0,2900.0,0.022901084,0
chb08,chb08_21.edf,2900.0,2904.0,0.13976303,0
chb08,chb08_21.edf,2904.0,2908.0,0.15751463,0
chb08,chb08_21.edf,2908.0,2912.0,0.1828093,0
chb08,chb08_21.edf,2912.0,2916.0,0.026805561,0
chb08,chb08_21.edf,2916.0,2920.0,0.00047870164,0
chb08,chb08_21.edf,2920.0,2924.0,0.00085867103,0
chb08,chb08_21.edf,2924.0,2928.0,0.022578966,0
chb08,chb08_21.edf,2928.0,2932.0,0.0066228076,0
chb08,chb08_21.edf,2932.0,2936.0,0.002116926,0
chb08,chb08_21.edf,2936.0,2940.0,0.007469822,0
chb08,chb08_21.edf,2940.0,2944.0,0.007664914,0
chb08,chb08_21.edf,2944.0,2948.0,0.31659684,0
chb08,chb08_21.edf,2948.0,2952.0,0.0013849878,0
chb08,chb08_21.edf,2952.0,2956.0,0.00066126685,0
chb08,chb08_21.edf,2956.0,2960.0,0.0016974977,0
chb08,chb08_21.edf,2960.0,2964.0,0.0075007207,0
chb08,chb08_21.edf,2964.0,2968.0,0.20030159,0
chb08,chb08_21.edf,2968.0,2972.0,0.0025943208,0
chb08,chb08_21.edf,2972.0,2976.0,0.15282929,0
chb08,chb08_21.edf,2976.0,2980.0,0.24962255,0
chb08,chb08_21.edf,2980.0,2984.0,0.054319866,0
chb08,chb08_21.edf,2984.0,2988.0,0.24831685,0
chb08,chb08_21.edf,2988.0,2992.0,0.3077546,0
chb08,chb08_21.edf,2992.0,2996.0,4.0639003e-05,0
chb08,chb08_21.edf,2996.0,3000.0,0.00011391418,0
chb08,chb08_21.edf,3000.0,3004.0,0.018110089,0
chb08,chb08_21.edf,3004.0,3008.0,0.0072099008,0
chb08,chb08_21.edf,3008.0,3012.0,0.003089689,0
chb08,chb08_21.edf,3012.0,3016.0,0.0008407639,0
chb08,chb08_21.edf,3016.0,3020.0,0.0007052022,0
chb08,chb08_21.edf,3020.0,3024.0,0.017338384,0
chb08,chb08_21.edf,3024.0,3028.0,0.008189567,0
chb08,chb08_21.edf,3028.0,3032.0,0.013804936,0
chb08,chb08_21.edf,3032.0,3036.0,0.00076708477,0
chb08,chb08_21.edf,3036.0,3040.0,0.00027703948,0
chb08,chb08_21.edf,3040.0,3044.0,0.001528644,0
chb08,chb08_21.edf,3044.0,3048.0,0.011842698,0
chb08,chb08_21.edf,3048.0,3052.0,0.07374023,0
chb08,chb08_21.edf,3052.0,3056.0,0.028127877,0
chb08,chb08_21.edf,3056.0,3060.0,0.0011521204,0
chb08,chb08_21.edf,3060.0,3064.0,0.0055445037,0
chb08,chb08_21.edf,3064.0,3068.0,0.0057738763,0
chb08,chb08_21.edf,3068.0,3072.0,0.0449494,0
chb08,chb08_21.edf,3072.0,3076.0,0.048261262,0
chb08,chb08_21.edf,3076.0,3080.0,0.10753454,0
chb08,chb08_21.edf,3080.0,3084.0,0.0029007196,0
chb08,chb08_21.edf,3084.0,3088.0,0.09763471,0
chb08,chb08_21.edf,3088.0,3092.0,0.00028175995,0
chb08,chb08_21.edf,3092.0,3096.0,0.0061984626,0
chb08,chb08_21.edf,3096.0,3100.0,0.006483771,0
chb08,chb08_21.edf,3100.0,3104.0,0.012372313,0
chb08,chb08_21.edf,3104.0,3108.0,0.0021438887,0
chb08,chb08_21.edf,3108.0,3112.0,0.029045513,0
chb08,chb08_21.edf,3112.0,3116.0,0.0018215074,0
chb08,chb08_21.edf,3116.0,3120.0,0.0018203183,0
chb08,chb08_21.edf,3120.0,3124.0,0.001332263,0
chb08,chb08_21.edf,3124.0,3128.0,0.010855799,0
chb08,chb08_21.edf,3128.0,3132.0,0.0010921587,0
chb08,chb08_21.edf,3132.0,3136.0,0.012587812,0
chb08,chb08_21.edf,3136.0,3140.0,0.0008452156,0
chb08,chb08_21.edf,3140.0,3144.0,0.0012662188,0
chb08,chb08_21.edf,3144.0,3148.0,0.0028266285,0
chb08,chb08_21.edf,3148.0,3152.0,0.009842232,0
chb08,chb08_21.edf,3152.0,3156.0,0.008874669,0
chb08,chb08_21.edf,3156.0,3160.0,0.0031609493,0
chb08,chb08_21.edf,3160.0,3164.0,0.0045281416,0
chb08,chb08_21.edf,3164.0,3168.0,0.0005050265,0
chb08,chb08_21.edf,3168.0,3172.0,0.016088126,0
chb08,chb08_21.edf,3172.0,3176.0,0.00058909314,0
chb08,chb08_21.edf,3176.0,3180.0,0.0023461038,0
chb08,chb08_21.edf,3180.0,3184.0,0.000628719,0
chb08,chb08_21.edf,3184.0,3188.0,0.0021845242,0
chb08,chb08_21.edf,3188.0,3192.0,0.05614902,0
chb08,chb08_21.edf,3192.0,3196.0,0.008094629,0
chb08,chb08_21.edf,3196.0,3200.0,0.0065440065,0
chb08,chb08_21.edf,3200.0,3204.0,0.000119015756,0
chb08,chb08_21.edf,3204.0,3208.0,0.0028987068,0
chb08,chb08_21.edf,3208.0,3212.0,0.0049913838,0
chb08,chb08_21.edf,3212.0,3216.0,0.09169302,0
chb08,chb08_21.edf,3216.0,3220.0,0.01485768,0
chb08,chb08_21.edf,3220.0,3224.0,0.0068090986,0
chb08,chb08_21.edf,3224.0,3228.0,0.004731696,0
chb08,chb08_21.edf,3228.0,3232.0,0.005528772,0
chb08,chb08_21.edf,3232.0,3236.0,0.009680693,0
chb08,chb08_21.edf,3236.0,3240.0,0.0008088101,0
chb08,chb08_21.edf,3240.0,3244.0,0.003426315,0
chb08,chb08_21.edf,3244.0,3248.0,0.0083064055,0
chb08,chb08_21.edf,3248.0,3252.0,0.018557217,0
chb08,chb08_21.edf,3252.0,3256.0,0.0021096596,0
chb08,chb08_21.edf,3256.0,3260.0,0.0009167433,0
chb08,chb08_21.edf,3260.0,3264.0,0.001994627,0
chb08,chb08_21.edf,3264.0,3268.0,0.0037729787,0
chb08,chb08_21.edf,3268.0,3272.0,0.005820964,0
chb08,chb08_21.edf,3272.0,3276.0,0.010741175,0
chb08,chb08_21.edf,3276.0,3280.0,0.0035301535,0
chb08,chb08_21.edf,3280.0,3284.0,0.0020897675,0
chb08,chb08_21.edf,3284.0,3288.0,0.022105433,0
chb08,chb08_21.edf,3288.0,3292.0,0.0015413815,0
chb08,chb08_21.edf,3292.0,3296.0,0.0015056438,0
chb08,chb08_21.edf,3296.0,3300.0,0.0002119207,0
chb08,chb08_21.edf,3300.0,3304.0,0.006175096,0
chb08,chb08_21.edf,3304.0,3308.0,0.00046839414,0
chb08,chb08_21.edf,3308.0,3312.0,0.12899947,0
chb08,chb08_21.edf,3312.0,3316.0,0.006670852,0
chb08,chb08_21.edf,3316.0,3320.0,0.00026068653,0
chb08,chb08_21.edf,3320.0,3324.0,0.10482394,0
chb08,chb08_21.edf,3324.0,3328.0,0.0013320264,0
chb08,chb08_21.edf,3328.0,3332.0,0.0014797893,0
chb08,chb08_21.edf,3332.0,3336.0,0.006178547,0
chb08,chb08_21.edf,3336.0,3340.0,0.003549445,0
chb08,chb08_21.edf,3340.0,3344.0,0.00017699406,0
chb08,chb08_21.edf,3344.0,3348.0,0.00096108473,0
chb08,chb08_21.edf,3348.0,3352.0,0.019079508,0
chb08,chb08_21.edf,3352.0,3356.0,0.010509526,0
chb08,chb08_21.edf,3356.0,3360.0,0.0005456866,0
chb08,chb08_21.edf,3360.0,3364.0,0.0016086708,0
chb08,chb08_21.edf,3364.0,3368.0,0.005178875,0
chb08,chb08_21.edf,3368.0,3372.0,0.00021121348,0
chb08,chb08_21.edf,3372.0,3376.0,0.0012076279,0
chb08,chb08_21.edf,3376.0,3380.0,0.0012843619,0
chb08,chb08_21.edf,3380.0,3384.0,0.0019131947,0
chb08,chb08_21.edf,3384.0,3388.0,0.0010920605,0
chb08,chb08_21.edf,3388.0,3392.0,0.0073610647,0
chb08,chb08_21.edf,3392.0,3396.0,0.0011265407,0
chb08,chb08_21.edf,3396.0,3400.0,0.0027650201,0
chb08,chb08_21.edf,3400.0,3404.0,0.000215341,0
chb08,chb08_21.edf,3404.0,3408.0,0.0007738498,0
chb08,chb08_21.edf,3408.0,3412.0,0.006356191,0
chb08,chb08_21.edf,3412.0,3416.0,0.031014238,0
chb08,chb08_21.edf,3416.0,3420.0,0.00093319424,0
chb08,chb08_21.edf,3420.0,3424.0,0.007759358,0
chb08,chb08_21.edf,3424.0,3428.0,0.0067472965,0
chb08,chb08_21.edf,3428.0,3432.0,0.0003825575,0
chb08,chb08_21.edf,3432.0,3436.0,0.0009016881,0
chb08,chb08_21.edf,3436.0,3440.0,0.00013583283,0
chb08,chb08_21.edf,3440.0,3444.0,0.005985576,0
chb08,chb08_21.edf,3444.0,3448.0,0.002437928,0
chb08,chb08_21.edf,3448.0,3452.0,0.0020313505,0
chb08,chb08_21.edf,3452.0,3456.0,0.0005055794,0
chb08,chb08_21.edf,3456.0,3460.0,0.005683541,0
chb08,chb08_21.edf,3460.0,3464.0,0.003340828,0
chb08,chb08_21.edf,3464.0,3468.0,0.0154221915,0
chb08,chb08_21.edf,3468.0,3472.0,0.018600812,0
chb08,chb08_21.edf,3472.0,3476.0,0.021999564,0
chb08,chb08_21.edf,3476.0,3480.0,0.0019537497,0
chb08,chb08_21.edf,3480.0,3484.0,0.0024171658,0
chb08,chb08_21.edf,3484.0,3488.0,0.023476241,0
chb08,chb08_21.edf,3488.0,3492.0,0.019254118,0
chb08,chb08_21.edf,3492.0,3496.0,0.018528095,0
chb08,chb08_21.edf,3496.0,3500.0,0.0019294554,0
chb08,chb08_21.edf,3500.0,3504.0,0.0009415587,0
chb08,chb08_21.edf,3504.0,3508.0,0.0070136087,0
chb08,chb08_21.edf,3508.0,3512.0,0.003892877,0
chb08,chb08_21.edf,3512.0,3516.0,0.0029192066,0
chb08,chb08_21.edf,3516.0,3520.0,0.0003678046,0
chb08,chb08_21.edf,3520.0,3524.0,0.0019409779,0
chb08,chb08_21.edf,3524.0,3528.0,0.00038428456,0
chb08,chb08_21.edf,3528.0,3532.0,0.014506048,0
chb08,chb08_21.edf,3532.0,3536.0,0.015044191,0
chb08,chb08_21.edf,3536.0,3540.0,0.002553588,0
chb08,chb08_21.edf,3540.0,3544.0,0.009837917,0
chb08,chb08_21.edf,3544.0,3548.0,0.0015186917,0
chb08,chb08_21.edf,3548.0,3552.0,0.012852605,0
chb08,chb08_21.edf,3552.0,3556.0,0.0032984035,0
chb08,chb08_21.edf,3556.0,3560.0,0.000542962,0
chb08,chb08_21.edf,3560.0,3564.0,0.0023917297,0
chb08,chb08_21.edf,3564.0,3568.0,0.003861441,0
chb08,chb08_21.edf,3568.0,3572.0,0.0012046363,0
chb08,chb08_21.edf,3572.0,3576.0,0.14663593,0
chb08,chb08_21.edf,3576.0,3580.0,0.00035073687,0
chb08,chb08_21.edf,3580.0,3584.0,0.0037767407,0
chb08,chb08_21.edf,3584.0,3588.0,0.0009728196,0
chb08,chb08_21.edf,3588.0,3592.0,0.014567772,0
chb08,chb08_21.edf,3592.0,3596.0,0.0007741027,0
chb08,chb08_21.edf,3596.0,3600.0,0.00015011025,0
