patient,file,start_sec,end_sec,label,probability_seizure,prediction
chb08,chb08_21.edf,0.0,4.0,0,0.01824428066780957,0
chb08,chb08_21.edf,4.0,8.0,0,0.013313178785739878,0
chb08,chb08_21.edf,8.0,12.0,0,4.241819819496231e-06,0
chb08,chb08_21.edf,12.0,16.0,0,1.4759110897350718e-10,0
chb08,chb08_21.edf,16.0,20.0,0,2.4682683713612526e-06,0
chb08,chb08_21.edf,20.0,24.0,0,0.007125550965556575,0
chb08,chb08_21.edf,24.0,28.0,0,0.0015432559239281147,0
chb08,chb08_21.edf,28.0,32.0,0,0.000755684669848545,0
chb08,chb08_21.edf,32.0,36.0,0,0.00016387747038164755,0
chb08,chb08_21.edf,36.0,40.0,0,0.023495102986300156,0
chb08,chb08_21.edf,40.0,44.0,0,0.0008979661514669063,0
chb08,chb08_21.edf,44.0,48.0,0,0.002468931908505408,0
chb08,chb08_21.edf,48.0,52.0,0,1.975717882998534e-06,0
chb08,chb08_21.edf,52.0,56.0,0,7.790001590296235e-09,0
chb08,chb08_21.edf,56.0,60.0,0,0.0006216018082250103,0
chb08,chb08_21.edf,60.0,64.0,0,0.0016510626991549588,0
chb08,chb08_21.edf,64.0,68.0,0,1.460277283770466e-05,0
chb08,chb08_21.edf,68.0,72.0,0,0.0004949860149143934,0
chb08,chb08_21.edf,72.0,76.0,0,0.0027311642076029378,0
chb08,chb08_21.edf,76.0,80.0,0,0.0007213233838922034,0
chb08,chb08_21.edf,80.0,84.0,0,1.9430643358603708e-07,0
chb08,chb08_21.edf,84.0,88.0,0,0.00047733505315947504,0
chb08,chb08_21.edf,88.0,92.0,0,0.1602231826219821,0
chb08,chb08_21.edf,92.0,96.0,0,0.0011532597179296697,0
chb08,chb08_21.edf,96.0,100.0,0,0.0003527711002893974,0
chb08,chb08_21.edf,100.0,104.0,0,0.00888489365748111,0
chb08,chb08_21.edf,104.0,108.0,0,0.004203853118696915,0
chb08,chb08_21.edf,108.0,112.0,0,0.07566427196523726,0
chb08,chb08_21.edf,112.0,116.0,0,0.00014385253203751873,0
chb08,chb08_21.edf,116.0,120.0,0,0.0006975013882472012,0
chb08,chb08_21.edf,120.0,124.0,0,0.00010739821452704079,0
chb08,chb08_21.edf,124.0,128.0,0,2.9594993694813952e-05,0
chb08,chb08_21.edf,128.0,132.0,0,0.00014172774364615246,0
chb08,chb08_21.edf,132.0,136.0,0,0.00042403509200564655,0
chb08,chb08_21.edf,136.0,140.0,0,0.00533576938317804,0
chb08,chb08_21.edf,140.0,144.0,0,0.0004644024874631748,0
chb08,chb08_21.edf,144.0,148.0,0,0.03451847220655059,0
chb08,chb08_21.edf,148.0,152.0,0,0.0002529078910984615,0
chb08,chb08_21.edf,152.0,156.0,0,0.035668481928458104,0
chb08,chb08_21.edf,156.0,160.0,0,4.9871997938335596e-05,0
chb08,chb08_21.edf,160.0,164.0,0,0.005563588265132108,0
chb08,chb08_21.edf,164.0,168.0,0,0.5127474566946889,0
chb08,chb08_21.edf,168.0,172.0,0,2.56794479796962e-05,0
chb08,chb08_21.edf,172.0,176.0,0,0.0002315415507614692,0
chb08,chb08_21.edf,176.0,180.0,0,0.002060556353154314,0
chb08,chb08_21.edf,180.0,184.0,0,3.69721386817016e-05,0
chb08,chb08_21.edf,184.0,188.0,0,0.005505473606789302,0
chb08,chb08_21.edf,188.0,192.0,0,0.024521733181014582,0
chb08,chb08_21.edf,192.0,196.0,0,0.00041092983181682786,0
chb08,chb08_21.edf,196.0,200.0,0,0.0005966925441019843,0
chb08,chb08_21.edf,200.0,204.0,0,0.003475850672711116,0
chb08,chb08_21.edf,204.0,208.0,0,0.000549981755665942,0
chb08,chb08_21.edf,208.0,212.0,0,0.00022124875118856625,0
chb08,chb08_21.edf,212.0,216.0,0,0.0013073107283547351,0
chb08,chb08_21.edf,216.0,220.0,0,0.16637048012548653,0
chb08,chb08_21.edf,220.0,224.0,0,2.930119312045394e-05,0
chb08,chb08_21.edf,224.0,228.0,0,9.740043917503863e-06,0
chb08,chb08_21.edf,228.0,232.0,0,0.0033476855479616183,0
chb08,chb08_21.edf,232.0,236.0,0,0.0037088258122517453,0
chb08,chb08_21.edf,236.0,240.0,0,0.00035450853243100745,0
chb08,chb08_21.edf,240.0,244.0,0,0.004556216770472302,0
chb08,chb08_21.edf,244.0,248.0,0,0.0017544566205463512,0
chb08,chb08_21.edf,248.0,252.0,0,4.3012421372341016e-06,0
chb08,chb08_21.edf,252.0,256.0,0,0.0016903254771951674,0
chb08,chb08_21.edf,256.0,260.0,0,0.004283720806858598,0
chb08,chb08_21.edf,260.0,264.0,0,0.0004900795996942158,0
chb08,chb08_21.edf,264.0,268.0,0,6.034366236015375e-05,0
chb08,chb08_21.edf,268.0,272.0,0,0.0014817185853109598,0
chb08,chb08_21.edf,272.0,276.0,0,0.0057354716097739985,0
chb08,chb08_21.edf,276.0,280.0,0,0.001275608717121806,0
chb08,chb08_21.edf,280.0,284.0,0,0.006793617043914557,0
chb08,chb08_21.edf,284.0,288.0,0,0.00027441704216773236,0
chb08,chb08_21.edf,288.0,292.0,0,8.057831660227421e-06,0
chb08,chb08_21.edf,292.0,296.0,0,3.0174317517862835e-06,0
chb08,chb08_21.edf,296.0,300.0,0,0.0002824130637993241,0
chb08,chb08_21.edf,300.0,304.0,0,0.0008376900629777211,0
chb08,chb08_21.edf,304.0,308.0,0,0.0003644162594958592,0
chb08,chb08_21.edf,308.0,312.0,0,2.3036466019064153e-10,0
chb08,chb08_21.edf,312.0,316.0,0,0.002914391459324115,0
chb08,chb08_21.edf,316.0,320.0,0,0.05238743126112447,0
chb08,chb08_21.edf,320.0,324.0,0,0.002910042057755099,0
chb08,chb08_21.edf,324.0,328.0,0,0.00020753382507211188,0
chb08,chb08_21.edf,328.0,332.0,0,0.001413516539935807,0
chb08,chb08_21.edf,332.0,336.0,0,0.002290658557634783,0
chb08,chb08_21.edf,336.0,340.0,0,0.037843375858019855,0
chb08,chb08_21.edf,340.0,344.0,0,2.102784182433609e-05,0
chb08,chb08_21.edf,344.0,348.0,0,0.00020906315259312675,0
chb08,chb08_21.edf,348.0,352.0,0,1.0262212858265127e-11,0
chb08,chb08_21.edf,352.0,356.0,0,1.1889811250853811e-06,0
chb08,chb08_21.edf,356.0,360.0,0,0.07375170910437175,0
chb08,chb08_21.edf,360.0,364.0,0,0.0020432010222936154,0
chb08,chb08_21.edf,364.0,368.0,0,0.0018233869025043848,0
chb08,chb08_21.edf,368.0,372.0,0,6.986109990504314e-05,0
chb08,chb08_21.edf,372.0,376.0,0,1.0295364881052367e-06,0
chb08,chb08_21.edf,376.0,380.0,0,0.00043777122041324613,0
chb08,chb08_21.edf,380.0,384.0,0,0.0005311180400257074,0
chb08,chb08_21.edf,384.0,388.0,0,0.00016127043283332501,0
chb08,chb08_21.edf,388.0,392.0,0,0.017422092419655786,0
chb08,chb08_21.edf,392.0,396.0,0,0.17827937885275294,0
chb08,chb08_21.edf,396.0,400.0,0,0.0014822133741425449,0
chb08,chb08_21.edf,400.0,404.0,0,0.012071071597914904,0
chb08,chb08_21.edf,404.0,408.0,0,0.0016000263041133387,0
chb08,chb08_21.edf,408.0,412.0,0,0.002803559320275407,0
chb08,chb08_21.edf,412.0,416.0,0,0.0035406200190226554,0
chb08,chb08_21.edf,416.0,420.0,0,0.0005103481948381557,0
chb08,chb08_21.edf,420.0,424.0,0,0.00023474755171583458,0
chb08,chb08_21.edf,424.0,428.0,0,0.010063558008504765,0
chb08,chb08_21.edf,428.0,432.0,0,0.00018538711214211403,0
chb08,chb08_21.edf,432.0,436.0,0,2.8889467683215123e-05,0
chb08,chb08_21.edf,436.0,440.0,0,7.023632923675617e-20,0
chb08,chb08_21.edf,440.0,444.0,0,0.22856653404567898,0
chb08,chb08_21.edf,444.0,448.0,0,0.002501736077880633,0
chb08,chb08_21.edf,448.0,452.0,0,0.0011819502926711525,0
chb08,chb08_21.edf,452.0,456.0,0,0.02502999667796467,0
chb08,chb08_21.edf,456.0,460.0,0,0.0026552967933448726,0
chb08,chb08_21.edf,460.0,464.0,0,0.0006041963555209684,0
chb08,chb08_21.edf,464.0,468.0,0,0.00043408740316311253,0
chb08,chb08_21.edf,468.0,472.0,0,0.0014410122964206857,0
chb08,chb08_21.edf,472.0,476.0,0,0.006268516287365299,0
chb08,chb08_21.edf,476.0,480.0,0,7.807335268017775e-06,0
chb08,chb08_21.edf,480.0,484.0,0,0.0005979255967977662,0
chb08,chb08_21.edf,484.0,488.0,0,8.652324195610889e-05,0
chb08,chb08_21.edf,488.0,492.0,0,0.00893819483415939,0
chb08,chb08_21.edf,492.0,496.0,0,0.02550023955092943,0
chb08,chb08_21.edf,496.0,500.0,0,0.157157982124562,0
chb08,chb08_21.edf,500.0,504.0,0,0.08349585229810472,0
chb08,chb08_21.edf,504.0,508.0,0,0.09483029528011512,0
chb08,chb08_21.edf,508.0,512.0,0,2.5897802957370904e-10,0
chb08,chb08_21.edf,512.0,516.0,0,0.08137706293559899,0
chb08,chb08_21.edf,516.0,520.0,0,0.0019260324005042986,0
chb08,chb08_21.edf,520.0,524.0,0,0.00021776793518888554,0
chb08,chb08_21.edf,524.0,528.0,0,0.033995977537843225,0
chb08,chb08_21.edf,528.0,532.0,0,0.0026241371255710027,0
chb08,chb08_21.edf,532.0,536.0,0,1.701636583106884e-05,0
chb08,chb08_21.edf,536.0,540.0,0,4.098709537132446e-06,0
chb08,chb08_21.edf,540.0,544.0,0,0.0003553524338304529,0
chb08,chb08_21.edf,544.0,548.0,0,2.3763937336043987e-07,0
chb08,chb08_21.edf,548.0,552.0,0,0.02681493346042256,0
chb08,chb08_21.edf,552.0,556.0,0,0.004172594071958011,0
chb08,chb08_21.edf,556.0,560.0,0,4.4035345280331575e-07,0
chb08,chb08_21.edf,560.0,564.0,0,0.00012230734423701597,0
chb08,chb08_21.edf,564.0,568.0,0,3.6385205685470374e-07,0
chb08,chb08_21.edf,568.0,572.0,0,0.007307817604563492,0
chb08,chb08_21.edf,572.0,576.0,0,1.0144908047942174e-05,0
chb08,chb08_21.edf,576.0,580.0,0,0.0002948431775655992,0
chb08,chb08_21.edf,580.0,584.0,0,0.03686252073973873,0
chb08,chb08_21.edf,584.0,588.0,0,4.4287588001347575e-05,0
chb08,chb08_21.edf,588.0,592.0,0,0.010992842712862156,0
chb08,chb08_21.edf,592.0,596.0,0,2.2863150469713035e-05,0
chb08,chb08_21.edf,596.0,600.0,0,5.3610704159126194e-05,0
chb08,chb08_21.edf,600.0,604.0,0,0.000979899806792062,0
chb08,chb08_21.edf,604.0,608.0,0,4.2429265687681535e-05,0
chb08,chb08_21.edf,608.0,612.0,0,1.2400728662874686e-06,0
chb08,chb08_21.edf,612.0,616.0,0,0.00837270660174763,0
chb08,chb08_21.edf,616.0,620.0,0,9.559453394426759e-06,0
chb08,chb08_21.edf,620.0,624.0,0,1.0014998443114931e-06,0
chb08,chb08_21.edf,624.0,628.0,0,2.1535201538160904e-06,0
chb08,chb08_21.edf,628.0,632.0,0,0.00010868103224028736,0
chb08,chb08_21.edf,632.0,636.0,0,0.008369583863921623,0
chb08,chb08_21.edf,636.0,640.0,0,0.026980246572690145,0
chb08,chb08_21.edf,640.0,644.0,0,0.006001776676601616,0
chb08,chb08_21.edf,644.0,648.0,0,7.160133175466747e-06,0
chb08,chb08_21.edf,648.0,652.0,0,0.07002844209020821,0
chb08,chb08_21.edf,652.0,656.0,0,0.02337105325845515,0
chb08,chb08_21.edf,656.0,660.0,0,9.767058079074324e-05,0
chb08,chb08_21.edf,660.0,664.0,0,0.00467717170524649,0
chb08,chb08_21.edf,664.0,668.0,0,0.0002577748277996293,0
chb08,chb08_21.edf,668.0,672.0,0,6.5985031817995314e-09,0
chb08,chb08_21.edf,672.0,676.0,0,2.894217078523794e-06,0
chb08,chb08_21.edf,676.0,680.0,0,0.007225411903886932,0
chb08,chb08_21.edf,680.0,684.0,0,2.2963028755443e-05,0
chb08,chb08_21.edf,684.0,688.0,0,0.0017080067781905899,0
chb08,chb08_21.edf,688.0,692.0,0,0.00015219602868118555,0
chb08,chb08_21.edf,692.0,696.0,0,5.756930472749022e-08,0
chb08,chb08_21.edf,696.0,700.0,0,0.0009119096111956546,0
chb08,chb08_21.edf,700.0,704.0,0,0.0003180461436848092,0
chb08,chb08_21.edf,704.0,708.0,0,0.0021044080440885747,0
chb08,chb08_21.edf,708.0,712.0,0,0.00027010054468934095,0
chb08,chb08_21.edf,712.0,716.0,0,0.009273228999991836,0
chb08,chb08_21.edf,716.0,720.0,0,1.7613503296574805e-05,0
chb08,chb08_21.edf,720.0,724.0,0,0.005194945518641408,0
chb08,chb08_21.edf,724.0,728.0,0,2.223858606196591e-06,0
chb08,chb08_21.edf,728.0,732.0,0,0.0005993220632527071,0
chb08,chb08_21.edf,732.0,736.0,0,0.007885437684744341,0
chb08,chb08_21.edf,736.0,740.0,0,0.0028133239264948383,0
chb08,chb08_21.edf,740.0,744.0,0,0.009573653280712363,0
chb08,chb08_21.edf,744.0,748.0,0,0.0003081424294483637,0
chb08,chb08_21.edf,748.0,752.0,0,0.0044590239250348745,0
chb08,chb08_21.edf,752.0,756.0,0,3.49190364788066e-05,0
chb08,chb08_21.edf,756.0,760.0,0,2.6684436907371614e-05,0
chb08,chb08_21.edf,760.0,764.0,0,2.5037859317229273e-06,0
chb08,chb08_21.edf,764.0,768.0,0,0.00014320696800383125,0
chb08,chb08_21.edf,768.0,772.0,0,3.704671715202631e-05,0
chb08,chb08_21.edf,772.0,776.0,0,6.702167942781893e-05,0
chb08,chb08_21.edf,776.0,780.0,0,8.808395332957323e-05,0
chb08,chb08_21.edf,780.0,784.0,0,1.0892968999711535e-06,0
chb08,chb08_21.edf,784.0,788.0,0,1.1692239129781243e-08,0
chb08,chb08_21.edf,788.0,792.0,0,0.00010534812437839041,0
chb08,chb08_21.edf,792.0,796.0,0,0.05843331766810105,0
chb08,chb08_21.edf,796.0,800.0,0,0.02335949767265298,0
chb08,chb08_21.edf,800.0,804.0,0,5.5533593512377827e-05,0
chb08,chb08_21.edf,804.0,808.0,0,0.0003858631203435356,0
chb08,chb08_21.edf,808.0,812.0,0,9.07145964011939e-08,0
chb08,chb08_21.edf,812.0,816.0,0,0.0019119406781794221,0
chb08,chb08_21.edf,816.0,820.0,0,0.020026942033611984,0
chb08,chb08_21.edf,820.0,824.0,0,8.169929216926197e-05,0
chb08,chb08_21.edf,824.0,828.0,0,0.0002695955357994798,0
chb08,chb08_21.edf,828.0,832.0,0,0.0062046165403958405,0
chb08,chb08_21.edf,832.0,836.0,0,0.00039574677862002353,0
chb08,chb08_21.edf,836.0,840.0,0,7.77684790290662e-05,0
chb08,chb08_21.edf,840.0,844.0,0,7.56191485760441e-06,0
chb08,chb08_21.edf,844.0,848.0,0,7.672744154051975e-08,0
chb08,chb08_21.edf,848.0,852.0,0,7.510053084376014e-06,0
chb08,chb08_21.edf,852.0,856.0,0,0.0018352024185473656,0
chb08,chb08_21.edf,856.0,860.0,0,0.0004634636964577081,0
chb08,chb08_21.edf,860.0,864.0,0,9.149902988900311e-05,0
chb08,chb08_21.edf,864.0,868.0,0,0.0017820463975336887,0
chb08,chb08_21.edf,868.0,872.0,0,0.00012755102769588977,0
chb08,chb08_21.edf,872.0,876.0,0,0.008170853003080342,0
chb08,chb08_21.edf,876.0,880.0,0,2.5410217423604883e-05,0
chb08,chb08_21.edf,880.0,884.0,0,0.012610828064329827,0
chb08,chb08_21.edf,884.0,888.0,0,8.498383050944477e-05,0
chb08,chb08_21.edf,888.0,892.0,0,0.0002214681017192659,0
chb08,chb08_21.edf,892.0,896.0,0,2.0084757717501735e-05,0
chb08,chb08_21.edf,896.0,900.0,0,0.000522039659441948,0
chb08,chb08_21.edf,900.0,904.0,0,2.2982373862766996e-06,0
chb08,chb08_21.edf,904.0,908.0,0,1.938258751161827e-05,0
chb08,chb08_21.edf,908.0,912.0,0,0.0003613172614780795,0
chb08,chb08_21.edf,912.0,916.0,0,0.0001250125217914519,0
chb08,chb08_21.edf,916.0,920.0,0,0.0001007712786583927,0
chb08,chb08_21.edf,920.0,924.0,0,4.103848585394266e-06,0
chb08,chb08_21.edf,924.0,928.0,0,1.4342619012349546e-05,0
chb08,chb08_21.edf,928.0,932.0,0,0.00204168654002512,0
chb08,chb08_21.edf,932.0,936.0,0,3.355368355437487e-05,0
chb08,chb08_21.edf,936.0,940.0,0,0.007205404206488588,0
chb08,chb08_21.edf,940.0,944.0,0,0.0016866007737727387,0
chb08,chb08_21.edf,944.0,948.0,0,0.0001470622836339152,0
chb08,chb08_21.edf,948.0,952.0,0,0.014639097698506397,0
chb08,chb08_21.edf,952.0,956.0,0,0.0002545374552061207,0
chb08,chb08_21.edf,956.0,960.0,0,0.0010435783611317073,0
chb08,chb08_21.edf,960.0,964.0,0,0.004175859141912345,0
chb08,chb08_21.edf,964.0,968.0,0,0.008289236230331457,0
chb08,chb08_21.edf,968.0,972.0,0,0.0007261018466644171,0
chb08,chb08_21.edf,972.0,976.0,0,0.0009182710609518967,0
chb08,chb08_21.edf,976.0,980.0,0,0.1820856247495264,0
chb08,chb08_21.edf,980.0,984.0,0,0.00613036644329284,0
chb08,chb08_21.edf,984.0,988.0,0,0.00035081971916968224,0
chb08,chb08_21.edf,988.0,992.0,0,0.00041593278997461544,0
chb08,chb08_21.edf,992.0,996.0,0,0.0014968946138752411,0
chb08,chb08_21.edf,996.0,1000.0,0,0.0001572069286183123,0
chb08,chb08_21.edf,1000.0,1004.0,0,0.003015089151530706,0
chb08,chb08_21.edf,1004.0,1008.0,0,9.375412877213221e-07,0
chb08,chb08_21.edf,1008.0,1012.0,0,0.0016068476330702353,0
chb08,chb08_21.edf,1012.0,1016.0,0,2.5664400729912652e-08,0
chb08,chb08_21.edf,1016.0,1020.0,0,8.346412162178438e-07,0
chb08,chb08_21.edf,1020.0,1024.0,0,0.005004359152629607,0
chb08,chb08_21.edf,1024.0,1028.0,0,6.116297794889972e-08,0
chb08,chb08_21.edf,1028.0,1032.0,0,0.0010821803206740104,0
chb08,chb08_21.edf,1032.0,1036.0,0,0.009027161737223715,0
chb08,chb08_21.edf,1036.0,1040.0,0,3.237967212735099e-05,0
chb08,chb08_21.edf,1040.0,1044.0,0,0.03853223837722499,0
chb08,chb08_21.edf,1044.0,1048.0,0,0.02123368412344688,0
chb08,chb08_21.edf,1048.0,1052.0,0,0.0004076779185449146,0
chb08,chb08_21.edf,1052.0,1056.0,0,4.423906528280093e-09,0
chb08,chb08_21.edf,1056.0,1060.0,0,0.3815232806264128,0
chb08,chb08_21.edf,1060.0,1064.0,0,0.021561025431891458,0
chb08,chb08_21.edf,1064.0,1068.0,0,0.01631451220946617,0
chb08,chb08_21.edf,1068.0,1072.0,0,0.0004061770083545833,0
chb08,chb08_21.edf,1072.0,1076.0,0,0.0035781484378173013,0
chb08,chb08_21.edf,1076.0,1080.0,0,0.1972832353519053,0
chb08,chb08_21.edf,1080.0,1084.0,0,9.002255488996195e-05,0
chb08,chb08_21.edf,1084.0,1088.0,0,0.00643226592947583,0
chb08,chb08_21.edf,1088.0,1092.0,0,0.0002911898076942883,0
chb08,chb08_21.edf,1092.0,1096.0,0,0.002883720887062334,0
chb08,chb08_21.edf,1096.0,1100.0,0,0.0005620662498719057,0
chb08,chb08_21.edf,1100.0,1104.0,0,0.0001784375048626763,0
chb08,chb08_21.edf,1104.0,1108.0,0,0.0009722442280332817,0
chb08,chb08_21.edf,1108.0,1112.0,0,0.0008208629393407021,0
chb08,chb08_21.edf,1112.0,1116.0,0,3.299995159114233e-05,0
chb08,chb08_21.edf,1116.0,1120.0,0,0.0005838095665438652,0
chb08,chb08_21.edf,1120.0,1124.0,0,0.00016539385142285248,0
chb08,chb08_21.edf,1124.0,1128.0,0,0.00835313483891315,0
chb08,chb08_21.edf,1128.0,1132.0,0,0.000835966446828694,0
chb08,chb08_21.edf,1132.0,1136.0,0,0.0021606195463060363,0
chb08,chb08_21.edf,1136.0,1140.0,0,0.08168183532931989,0
chb08,chb08_21.edf,1140.0,1144.0,0,0.2797671705521769,0
chb08,chb08_21.edf,1144.0,1148.0,0,1.7953478891976122e-05,0
chb08,chb08_21.edf,1148.0,1152.0,0,0.03881240304844131,0
chb08,chb08_21.edf,1152.0,1156.0,0,0.004409162799036137,0
chb08,chb08_21.edf,1156.0,1160.0,0,0.00010301161608619517,0
chb08,chb08_21.edf,1160.0,1164.0,0,0.0004976556543887805,0
chb08,chb08_21.edf,1164.0,1168.0,0,0.0016320311696743708,0
chb08,chb08_21.edf,1168.0,1172.0,0,2.631125204898975e-05,0
chb08,chb08_21.edf,1172.0,1176.0,0,3.108612021560276e-05,0
chb08,chb08_21.edf,1176.0,1180.0,0,0.0005986903589846221,0
chb08,chb08_21.edf,1180.0,1184.0,0,3.8003791967745116e-05,0
chb08,chb08_21.edf,1184.0,1188.0,0,4.0569748541028976e-05,0
chb08,chb08_21.edf,1188.0,1192.0,0,1.545781572775575e-05,0
chb08,chb08_21.edf,1192.0,1196.0,0,6.897103591841864e-05,0
chb08,chb08_21.edf,1196.0,1200.0,0,0.0004925694896396205,0
chb08,chb08_21.edf,1200.0,1204.0,0,0.00032549991933939376,0
chb08,chb08_21.edf,1204.0,1208.0,0,4.3776125160573775e-06,0
chb08,chb08_21.edf,1208.0,1212.0,0,6.452437783291461e-06,0
chb08,chb08_21.edf,1212.0,1216.0,0,3.564374702343669e-05,0
chb08,chb08_21.edf,1216.0,1220.0,0,8.637712611888029e-06,0
chb08,chb08_21.edf,1220.0,1224.0,0,0.005463383015152604,0
chb08,chb08_21.edf,1224.0,1228.0,0,0.002888228135042851,0
chb08,chb08_21.edf,1228.0,1232.0,0,3.142479358843785e-05,0
chb08,chb08_21.edf,1232.0,1236.0,0,0.002160713286112596,0
chb08,chb08_21.edf,1236.0,1240.0,0,1.4208475370983825e-13,0
chb08,chb08_21.edf,1240.0,1244.0,0,0.0003243302625483743,0
chb08,chb08_21.edf,1244.0,1248.0,0,0.001430785502959713,0
chb08,chb08_21.edf,1248.0,1252.0,0,5.616726295578458e-06,0
chb08,chb08_21.edf,1252.0,1256.0,0,4.1983953308125305e-05,0
chb08,chb08_21.edf,1256.0,1260.0,0,0.0038900590793252143,0
chb08,chb08_21.edf,1260.0,1264.0,0,0.0011802543081534513,0
chb08,chb08_21.edf,1264.0,1268.0,0,3.654926036597614e-05,0
chb08,chb08_21.edf,1268.0,1272.0,0,0.0019220844006304833,0
chb08,chb08_21.edf,1272.0,1276.0,0,0.0001702860562939321,0
chb08,chb08_21.edf,1276.0,1280.0,0,3.407986558999095e-05,0
chb08,chb08_21.edf,1280.0,1284.0,0,0.0007617415919526833,0
chb08,chb08_21.edf,1284.0,1288.0,0,0.0005925683517308389,0
chb08,chb08_21.edf,1288.0,1292.0,0,3.365089940179697e-06,0
chb08,chb08_21.edf,1292.0,1296.0,0,0.0008241305133917504,0
chb08,chb08_21.edf,1296.0,1300.0,0,1.8291281584948109e-06,0
chb08,chb08_21.edf,1300.0,1304.0,0,1.0997453783985384e-15,0
chb08,chb08_21.edf,1304.0,1308.0,0,1.029341710407393e-06,0
chb08,chb08_21.edf,1308.0,1312.0,0,0.0005695506102805556,0
chb08,chb08_21.edf,1312.0,1316.0,0,0.003120432969763671,0
chb08,chb08_21.edf,1316.0,1320.0,0,2.186849906535626e-06,0
chb08,chb08_21.edf,1320.0,1324.0,0,0.26019624875182157,0
chb08,chb08_21.edf,1324.0,1328.0,0,0.00029953889185215844,0
chb08,chb08_21.edf,1328.0,1332.0,0,7.841088480519693e-08,0
chb08,chb08_21.edf,1332.0,1336.0,0,0.001566002786677153,0
chb08,chb08_21.edf,1336.0,1340.0,0,0.00018946520862752237,0
chb08,chb08_21.edf,1340.0,1344.0,0,0.001536367058303435,0
chb08,chb08_21.edf,1344.0,1348.0,0,0.002892977986139821,0
chb08,chb08_21.edf,1348.0,1352.0,0,7.006280043384124e-07,0
chb08,chb08_21.edf,1352.0,1356.0,0,7.703037043986658e-08,0
chb08,chb08_21.edf,1356.0,1360.0,0,1.9259780807402315e-05,0
chb08,chb08_21.edf,1360.0,1364.0,0,0.00010268139955438008,0
chb08,chb08_21.edf,1364.0,1368.0,0,2.6394058098802624e-06,0
chb08,chb08_21.edf,1368.0,1372.0,0,6.005121924886445e-09,0
chb08,chb08_21.edf,1372.0,1376.0,0,1.5574980725208516e-05,0
chb08,chb08_21.edf,1376.0,1380.0,0,0.00021858023466161722,0
chb08,chb08_21.edf,1380.0,1384.0,0,0.0001245159863986449,0
chb08,chb08_21.edf,1384.0,1388.0,0,0.000746356048998304,0
chb08,chb08_21.edf,1388.0,1392.0,0,0.0015198153008759178,0
chb08,chb08_21.edf,1392.0,1396.0,0,3.428009210500717e-05,0
chb08,chb08_21.edf,1396.0,1400.0,0,1.5774333286350997e-06,0
chb08,chb08_21.edf,1400.0,1404.0,0,0.00012911519586034312,0
chb08,chb08_21.edf,1404.0,1408.0,0,1.997565972145458e-06,0
chb08,chb08_21.edf,1408.0,1412.0,0,0.00015695149102313321,0
chb08,chb08_21.edf,1412.0,1416.0,0,4.250151389268243e-06,0
chb08,chb08_21.edf,1416.0,1420.0,0,5.467077460788308e-05,0
chb08,chb08_21.edf,1420.0,1424.0,0,2.1380094952803875e-05,0
chb08,chb08_21.edf,1424.0,1428.0,0,6.484360500504736e-06,0
chb08,chb08_21.edf,1428.0,1432.0,0,0.0008149229744834772,0
chb08,chb08_21.edf,1432.0,1436.0,0,0.00010037583639769369,0
chb08,chb08_21.edf,1436.0,1440.0,0,0.0006211537053231051,0
chb08,chb08_21.edf,1440.0,1444.0,0,0.0006337347976739403,0
chb08,chb08_21.edf,1444.0,1448.0,0,4.093064761703952e-05,0
chb08,chb08_21.edf,1448.0,1452.0,0,3.283631953726204e-05,0
chb08,chb08_21.edf,1452.0,1456.0,0,2.6987874472880834e-05,0
chb08,chb08_21.edf,1456.0,1460.0,0,0.000268307799314251,0
chb08,chb08_21.edf,1460.0,1464.0,0,0.0016456682711603963,0
chb08,chb08_21.edf,1464.0,1468.0,0,0.00010797059272902974,0
chb08,chb08_21.edf,1468.0,1472.0,0,0.000982257541128649,0
chb08,chb08_21.edf,1472.0,1476.0,0,0.0001544216979585067,0
chb08,chb08_21.edf,1476.0,1480.0,0,1.4008199567317237e-07,0
chb08,chb08_21.edf,1480.0,1484.0,0,2.99169087776059e-05,0
chb08,chb08_21.edf,1484.0,1488.0,0,1.975530611473413e-05,0
chb08,chb08_21.edf,1488.0,1492.0,0,2.4500573497722496e-05,0
chb08,chb08_21.edf,1492.0,1496.0,0,6.591538709514747e-06,0
chb08,chb08_21.edf,1496.0,1500.0,0,5.776032255806979e-05,0
chb08,chb08_21.edf,1500.0,1504.0,0,3.743930310671101e-05,0
chb08,chb08_21.edf,1504.0,1508.0,0,0.00020856579651340639,0
chb08,chb08_21.edf,1508.0,1512.0,0,6.282148347518836e-06,0
chb08,chb08_21.edf,1512.0,1516.0,0,4.66097584659867e-06,0
chb08,chb08_21.edf,1516.0,1520.0,0,0.0010327052712598127,0
chb08,chb08_21.edf,1520.0,1524.0,0,5.219689381084363e-06,0
chb08,chb08_21.edf,1524.0,1528.0,0,6.890914242668726e-06,0
chb08,chb08_21.edf,1528.0,1532.0,0,0.0012621929190624569,0
chb08,chb08_21.edf,1532.0,1536.0,0,9.31290504199784e-05,0
chb08,chb08_21.edf,1536.0,1540.0,0,5.799398167573461e-07,0
chb08,chb08_21.edf,1540.0,1544.0,0,1.6351893853723677e-06,0
chb08,chb08_21.edf,1544.0,1548.0,0,0.00048128707945157596,0
chb08,chb08_21.edf,1548.0,1552.0,0,8.41515188878124e-05,0
chb08,chb08_21.edf,1552.0,1556.0,0,0.00019989927160089164,0
chb08,chb08_21.edf,1556.0,1560.0,0,1.1080966095778612e-06,0
chb08,chb08_21.edf,1560.0,1564.0,0,5.369451692006504e-05,0
chb08,chb08_21.edf,1564.0,1568.0,0,3.378481441939517e-06,0
chb08,chb08_21.edf,1568.0,1572.0,0,2.5539493067798715e-05,0
chb08,chb08_21.edf,1572.0,1576.0,0,8.230741919381185e-05,0
chb08,chb08_21.edf,1576.0,1580.0,0,3.3793263734749e-05,0
chb08,chb08_21.edf,1580.0,1584.0,0,6.896028527262254e-06,0
chb08,chb08_21.edf,1584.0,1588.0,0,1.6185682293586692e-05,0
chb08,chb08_21.edf,1588.0,1592.0,0,2.7396570376838483e-05,0
chb08,chb08_21.edf,1592.0,1596.0,0,8.27282857813318e-05,0
chb08,chb08_21.edf,1596.0,1600.0,0,0.00017892113320739953,0
chb08,chb08_21.edf,1600.0,1604.0,0,7.645739058874734e-05,0
chb08,chb08_21.edf,1604.0,1608.0,0,0.0001892679302170207,0
chb08,chb08_21.edf,1608.0,1612.0,0,2.8935914569754614e-06,0
chb08,chb08_21.edf,1612.0,1616.0,0,6.611448752964956e-05,0
chb08,chb08_21.edf,1616.0,1620.0,0,3.6677876932556547e-07,0
chb08,chb08_21.edf,1620.0,1624.0,0,0.002116253786473655,0
chb08,chb08_21.edf,1624.0,1628.0,0,0.00024367856373097655,0
chb08,chb08_21.edf,1628.0,1632.0,0,0.04388986355608777,0
chb08,chb08_21.edf,1632.0,1636.0,0,9.78289899288177e-08,0
chb08,chb08_21.edf,1636.0,1640.0,0,5.475148148640028e-06,0
chb08,chb08_21.edf,1640.0,1644.0,0,1.025058440377829e-06,0
chb08,chb08_21.edf,1644.0,1648.0,0,4.3432166495056845e-06,0
chb08,chb08_21.edf,1648.0,1652.0,0,1.271623651447107e-06,0
chb08,chb08_21.edf,1652.0,1656.0,0,1.932902975808332e-05,0
chb08,chb08_21.edf,1656.0,1660.0,0,7.612997185956871e-07,0
chb08,chb08_21.edf,1660.0,1664.0,0,1.695270210085511e-07,0
chb08,chb08_21.edf,1664.0,1668.0,0,0.006557904734989756,0
chb08,chb08_21.edf,1668.0,1672.0,0,8.975221294460124e-06,0
chb08,chb08_21.edf,1672.0,1676.0,0,0.0003107927832141975,0
chb08,chb08_21.edf,1676.0,1680.0,0,0.00019662656249525302,0
chb08,chb08_21.edf,1680.0,1684.0,0,2.366053051192715e-05,0
chb08,chb08_21.edf,1684.0,1688.0,0,7.457537568739957e-06,0
chb08,chb08_21.edf,1688.0,1692.0,0,4.8000634730099245e-05,0
chb08,chb08_21.edf,1692.0,1696.0,0,1.949614165541253e-05,0
chb08,chb08_21.edf,1696.0,1700.0,0,0.17917895774706752,0
chb08,chb08_21.edf,1700.0,1704.0,0,0.0010015227417981881,0
chb08,chb08_21.edf,1704.0,1708.0,0,5.04882407262561e-06,0
chb08,chb08_21.edf,1708.0,1712.0,0,2.1048775838078326e-07,0
chb08,chb08_21.edf,1712.0,1716.0,0,8.134481327508665e-05,0
chb08,chb08_21.edf,1716.0,1720.0,0,0.06940760751360817,0
chb08,chb08_21.edf,1720.0,1724.0,0,0.00035166671442821173,0
chb08,chb08_21.edf,1724.0,1728.0,0,0.0002794702906860618,0
chb08,chb08_21.edf,1728.0,1732.0,0,0.00010731610314490879,0
chb08,chb08_21.edf,1732.0,1736.0,0,0.0001184694147293198,0
chb08,chb08_21.edf,1736.0,1740.0,0,0.0037996296285691513,0
chb08,chb08_21.edf,1740.0,1744.0,0,0.0003725039081354104,0
chb08,chb08_21.edf,1744.0,1748.0,0,4.152933773712923e-05,0
chb08,chb08_21.edf,1748.0,1752.0,0,2.848636246590044e-05,0
chb08,chb08_21.edf,1752.0,1756.0,0,1.0802110322444477e-05,0
chb08,chb08_21.edf,1756.0,1760.0,0,5.883793520744558e-06,0
chb08,chb08_21.edf,1760.0,1764.0,0,6.611890315690567e-07,0
chb08,chb08_21.edf,1764.0,1768.0,0,2.8168797917371884e-07,0
chb08,chb08_21.edf,1768.0,1772.0,0,0.00046485668341125633,0
chb08,chb08_21.edf,1772.0,1776.0,0,0.001576324127424139,0
chb08,chb08_21.edf,1776.0,1780.0,0,4.3871682790770836e-05,0
chb08,chb08_21.edf,1780.0,1784.0,0,6.353776641051593e-06,0
chb08,chb08_21.edf,1784.0,1788.0,0,5.3840781976505385e-05,0
chb08,chb08_21.edf,1788.0,1792.0,0,0.0011057822149895416,0
chb08,chb08_21.edf,1792.0,1796.0,0,0.00015902436229554875,0
chb08,chb08_21.edf,1796.0,1800.0,0,0.0046824298522239625,0
chb08,chb08_21.edf,1800.0,1804.0,0,0.0006871728899444497,0
chb08,chb08_21.edf,1804.0,1808.0,0,0.0026390887885185733,0
chb08,chb08_21.edf,1808.0,1812.0,0,3.518536128714706e-07,0
chb08,chb08_21.edf,1812.0,1816.0,0,3.4652517608656406e-06,0
chb08,chb08_21.edf,1816.0,1820.0,0,6.015723460827181e-06,0
chb08,chb08_21.edf,1820.0,1824.0,0,5.874265625927871e-06,0
chb08,chb08_21.edf,1824.0,1828.0,0,3.5359833339863293e-06,0
chb08,chb08_21.edf,1828.0,1832.0,0,0.011186874884872914,0
chb08,chb08_21.edf,1832.0,1836.0,0,1.2043887434871707e-05,0
chb08,chb08_21.edf,1836.0,1840.0,0,3.4177867618701935e-05,0
chb08,chb08_21.edf,1840.0,1844.0,0,3.0748429202796093e-09,0
chb08,chb08_21.edf,1844.0,1848.0,0,2.1547144951301737e-05,0
chb08,chb08_21.edf,1848.0,1852.0,0,6.307273341863144e-06,0
chb08,chb08_21.edf,1852.0,1856.0,0,5.147930368778602e-06,0
chb08,chb08_21.edf,1856.0,1860.0,0,4.2519298511932604e-05,0
chb08,chb08_21.edf,1860.0,1864.0,0,8.68512098542951e-07,0
chb08,chb08_21.edf,1864.0,1868.0,0,2.5300265309612304e-05,0
chb08,chb08_21.edf,1868.0,1872.0,0,0.0001275974131861562,0
chb08,chb08_21.edf,1872.0,1876.0,0,4.503557242422956e-05,0
chb08,chb08_21.edf,1876.0,1880.0,0,0.00034299290021899996,0
chb08,chb08_21.edf,1880.0,1884.0,0,4.659797577711702e-07,0
chb08,chb08_21.edf,1884.0,1888.0,0,1.5191177855291037e-05,0
chb08,chb08_21.edf,1888.0,1892.0,0,0.01244763760476722,0
chb08,chb08_21.edf,1892.0,1896.0,0,2.1779667704103206e-05,0
chb08,chb08_21.edf,1896.0,1900.0,0,1.295052173882132e-05,0
chb08,chb08_21.edf,1900.0,1904.0,0,9.247642742134443e-07,0
chb08,chb08_21.edf,1904.0,1908.0,0,3.422411663378602e-05,0
chb08,chb08_21.edf,1908.0,1912.0,0,5.094514856805478e-06,0
chb08,chb08_21.edf,1912.0,1916.0,0,0.0007902752429879476,0
chb08,chb08_21.edf,1916.0,1920.0,0,1.6765714331001126e-05,0
chb08,chb08_21.edf,1920.0,1924.0,0,9.967138792888733e-06,0
chb08,chb08_21.edf,1924.0,1928.0,0,1.3821914422648167e-05,0
chb08,chb08_21.edf,1928.0,1932.0,0,7.129806990774908e-06,0
chb08,chb08_21.edf,1932.0,1936.0,0,0.009618516265485268,0
chb08,chb08_21.edf,1936.0,1940.0,0,2.6245651941757995e-05,0
chb08,chb08_21.edf,1940.0,1944.0,0,4.939500029177137e-06,0
chb08,chb08_21.edf,1944.0,1948.0,0,9.133341244997394e-05,0
chb08,chb08_21.edf,1948.0,1952.0,0,1.8262786565957529e-06,0
chb08,chb08_21.edf,1952.0,1956.0,0,0.0005401756272027816,0
chb08,chb08_21.edf,1956.0,1960.0,0,0.0002521235636607495,0
chb08,chb08_21.edf,1960.0,1964.0,0,0.00280342702820248,0
chb08,chb08_21.edf,1964.0,1968.0,0,0.0008728423439726119,0
chb08,chb08_21.edf,1968.0,1972.0,0,0.0005312173791375308,0
chb08,chb08_21.edf,1972.0,1976.0,0,0.013589902322713482,0
chb08,chb08_21.edf,1976.0,1980.0,0,0.019746114973773068,0
chb08,chb08_21.edf,1980.0,1984.0,0,7.399539919630456e-05,0
chb08,chb08_21.edf,1984.0,1988.0,0,0.0009170282061377069,0
chb08,chb08_21.edf,1988.0,1992.0,0,4.1257724226367545e-05,0
chb08,chb08_21.edf,1992.0,1996.0,0,0.0001673085607960861,0
chb08,chb08_21.edf,1996.0,2000.0,0,0.001683014242572272,0
chb08,chb08_21.edf,2000.0,2004.0,0,1.0062965284857295e-05,0
chb08,chb08_21.edf,2004.0,2008.0,0,0.0015856930936572178,0
chb08,chb08_21.edf,2008.0,2012.0,0,3.6157805050381e-05,0
chb08,chb08_21.edf,2012.0,2016.0,0,6.504710223594554e-06,0
chb08,chb08_21.edf,2016.0,2020.0,0,4.154865541666681e-05,0
chb08,chb08_21.edf,2020.0,2024.0,0,8.323083783158421e-05,0
chb08,chb08_21.edf,2024.0,2028.0,0,0.009031174941955968,0
chb08,chb08_21.edf,2028.0,2032.0,0,4.3182178790750625e-05,0
chb08,chb08_21.edf,2032.0,2036.0,0,0.00019979968868138713,0
chb08,chb08_21.edf,2036.0,2040.0,0,0.01877803847308235,0
chb08,chb08_21.edf,2040.0,2044.0,0,6.699684140384426e-07,0
chb08,chb08_21.edf,2044.0,2048.0,0,6.107371942331833e-05,0
chb08,chb08_21.edf,2048.0,2052.0,0,0.0002904380962529527,0
chb08,chb08_21.edf,2052.0,2056.0,0,0.0006980842463019917,0
chb08,chb08_21.edf,2056.0,2060.0,0,0.1916514371740308,0
chb08,chb08_21.edf,2060.0,2064.0,0,0.05524879066324795,0
chb08,chb08_21.edf,2064.0,2068.0,0,0.015434622064485442,0
chb08,chb08_21.edf,2068.0,2072.0,0,0.0013122109857930007,0
chb08,chb08_21.edf,2072.0,2076.0,0,0.020475277238353955,0
chb08,chb08_21.edf,2076.0,2080.0,0,6.970473213430274e-05,0
chb08,chb08_21.edf,2080.0,2084.0,0,0.14988473670130478,0
chb08,chb08_21.edf,2084.0,2088.0,1,0.09390201587424517,0
chb08,chb08_21.edf,2088.0,2092.0,1,0.6058204661173147,0
chb08,chb08_21.edf,2092.0,2096.0,1,0.9999950868378337,1
chb08,chb08_21.edf,2096.0,2100.0,1,0.9999999963619559,1
chb08,chb08_21.edf,2100.0,2104.0,1,0.9999991853440224,1
chb08,chb08_21.edf,2104.0,2108.0,1,0.9999999999999856,1
chb08,chb08_21.edf,2108.0,2112.0,1,0.9999999999990725,1
chb08,chb08_21.edf,2112.0,2116.0,1,0.9999997650434419,1
chb08,chb08_21.edf,2116.0,2120.0,1,0.9999986870932456,1
chb08,chb08_21.edf,2120.0,2124.0,1,0.9999999992003128,1
chb08,chb08_21.edf,2124.0,2128.0,1,0.9999999999996874,1
chb08,chb08_21.edf,2128.0,2132.0,1,0.9999999999888138,1
chb08,chb08_21.edf,2132.0,2136.0,1,0.9999920032443093,1
chb08,chb08_21.edf,2136.0,2140.0,1,0.996559573471795,1
chb08,chb08_21.edf,2140.0,2144.0,1,0.9879971499591252,1
chb08,chb08_21.edf,2144.0,2148.0,1,0.8755309177275218,0
chb08,chb08_21.edf,2148.0,2152.0,1,0.3906435677054212,0
chb08,chb08_21.edf,2152.0,2156.0,1,0.9999258593695339,1
chb08,chb08_21.edf,2156.0,2160.0,1,0.9999971247179734,1
chb08,chb08_21.edf,2160.0,2164.0,1,0.9553869045049647,1
chb08,chb08_21.edf,2164.0,2168.0,1,0.9999998326463235,1
chb08,chb08_21.edf,2168.0,2172.0,1,0.9999095494594137,1
chb08,chb08_21.edf,2172.0,2176.0,1,0.9994047860890957,1
chb08,chb08_21.edf,2176.0,2180.0,1,0.999993213945943,1
chb08,chb08_21.edf,2180.0,2184.0,1,0.9585062670342367,1
chb08,chb08_21.edf,2184.0,2188.0,1,0.8077869415854375,0
chb08,chb08_21.edf,2188.0,2192.0,1,0.8683160234727106,0
chb08,chb08_21.edf,2192.0,2196.0,1,0.9999006649211856,1
chb08,chb08_21.edf,2196.0,2200.0,1,0.9999650831347888,1
chb08,chb08_21.edf,2200.0,2204.0,1,0.9999997723082626,1
chb08,chb08_21.edf,2204.0,2208.0,1,0.9999423010256975,1
chb08,chb08_21.edf,2208.0,2212.0,1,0.00037472239935673786,0
chb08,chb08_21.edf,2212.0,2216.0,1,0.8572316510685157,0
chb08,chb08_21.edf,2216.0,2220.0,1,0.8127180995497485,0
chb08,chb08_21.edf,2220.0,2224.0,1,0.6055538592968835,0
chb08,chb08_21.edf,2224.0,2228.0,1,0.9540412086176272,1
chb08,chb08_21.edf,2228.0,2232.0,1,0.9912928373692331,1
chb08,chb08_21.edf,2232.0,2236.0,1,0.998429139637595,1
chb08,chb08_21.edf,2236.0,2240.0,1,0.11609917654273486,0
chb08,chb08_21.edf,2240.0,2244.0,1,0.03886910878105687,0
chb08,chb08_21.edf,2244.0,2248.0,1,0.35783048010054924,0
chb08,chb08_21.edf,2248.0,2252.0,1,0.015397618346026043,0
chb08,chb08_21.edf,2252.0,2256.0,1,0.23585855007010115,0
chb08,chb08_21.edf,2256.0,2260.0,1,0.4094917048657818,0
chb08,chb08_21.edf,2260.0,2264.0,1,0.06209483299055093,0
chb08,chb08_21.edf,2264.0,2268.0,1,0.8192004671837184,0
chb08,chb08_21.edf,2268.0,2272.0,1,0.8867905517608211,0
chb08,chb08_21.edf,2272.0,2276.0,1,0.1772966753703544,0
chb08,chb08_21.edf,2276.0,2280.0,1,0.8012865182029654,0
chb08,chb08_21.edf,2280.0,2284.0,1,0.9426459252945195,0
chb08,chb08_21.edf,2284.0,2288.0,1,0.04194985522690321,0
chb08,chb08_21.edf,2288.0,2292.0,1,0.0007752521153512707,0
chb08,chb08_21.edf,2292.0,2296.0,1,0.000247580409410671,0
chb08,chb08_21.edf,2296.0,2300.0,1,1.2768931360663427e-06,0
chb08,chb08_21.edf,2300.0,2304.0,1,0.9945667692268987,1
chb08,chb08_21.edf,2304.0,2308.0,1,0.4298164028304709,0
chb08,chb08_21.edf,2308.0,2312.0,1,0.98427314709651,1
chb08,chb08_21.edf,2312.0,2316.0,1,0.10770793778016198,0
chb08,chb08_21.edf,2316.0,2320.0,1,0.9819506120892131,1
chb08,chb08_21.edf,2320.0,2324.0,1,0.0003908397877243768,0
chb08,chb08_21.edf,2324.0,2328.0,1,0.27357103684838174,0
chb08,chb08_21.edf,2328.0,2332.0,1,0.04330140704005675,0
chb08,chb08_21.edf,2332.0,2336.0,1,0.8729785401484237,0
chb08,chb08_21.edf,2336.0,2340.0,1,6.805213126616411e-05,0
chb08,chb08_21.edf,2340.0,2344.0,1,0.0010426179477007057,0
chb08,chb08_21.edf,2344.0,2348.0,1,0.43015528751280785,0
chb08,chb08_21.edf,2348.0,2352.0,0,0.0015429178112514464,0
chb08,chb08_21.edf,2352.0,2356.0,0,0.00822423666498553,0
chb08,chb08_21.edf,2356.0,2360.0,0,0.00010638245861133982,0
chb08,chb08_21.edf,2360.0,2364.0,0,1.8957283293332283e-05,0
chb08,chb08_21.edf,2364.0,2368.0,0,0.00040098265267881126,0
chb08,chb08_21.edf,2368.0,2372.0,0,0.0010390740345946538,0
chb08,chb08_21.edf,2372.0,2376.0,0,1.5495400829806897e-05,0
chb08,chb08_21.edf,2376.0,2380.0,0,0.06902038311117113,0
chb08,chb08_21.edf,2380.0,2384.0,0,0.978964334895282,1
chb08,chb08_21.edf,2384.0,2388.0,0,0.9977433238490786,1
chb08,chb08_21.edf,2388.0,2392.0,0,0.0006373080176748922,0
chb08,chb08_21.edf,2392.0,2396.0,0,0.4065803422528834,0
chb08,chb08_21.edf,2396.0,2400.0,0,0.00025487387678346183,0
chb08,chb08_21.edf,2400.0,2404.0,0,0.002328732486025529,0
chb08,chb08_21.edf,2404.0,2408.0,0,0.004127103951106247,0
chb08,chb08_21.edf,2408.0,2412.0,0,0.001687552074059009,0
chb08,chb08_21.edf,2412.0,2416.0,0,0.00338725841132624,0
chb08,chb08_21.edf,2416.0,2420.0,0,0.032128773613520324,0
chb08,chb08_21.edf,2420.0,2424.0,0,0.00015304345737983998,0
chb08,chb08_21.edf,2424.0,2428.0,0,0.0026758519090877217,0
chb08,chb08_21.edf,2428.0,2432.0,0,9.762550507241078e-05,0
chb08,chb08_21.edf,2432.0,2436.0,0,0.0005956623389409073,0
chb08,chb08_21.edf,2436.0,2440.0,0,0.0005094105592343543,0
chb08,chb08_21.edf,2440.0,2444.0,0,0.0012966856143910542,0
chb08,chb08_21.edf,2444.0,2448.0,0,0.9908772047036747,1
chb08,chb08_21.edf,2448.0,2452.0,0,0.0015783157066001378,0
chb08,chb08_21.edf,2452.0,2456.0,0,4.63797051264768e-06,0
chb08,chb08_21.edf,2456.0,2460.0,0,0.02406759145488009,0
chb08,chb08_21.edf,2460.0,2464.0,0,0.022829885482066624,0
chb08,chb08_21.edf,2464.0,2468.0,0,1.9056795491914784e-05,0
chb08,chb08_21.edf,2468.0,2472.0,0,0.024579494376991147,0
chb08,chb08_21.edf,2472.0,2476.0,0,0.0014011270576709425,0
chb08,chb08_21.edf,2476.0,2480.0,0,0.014424147844294872,0
chb08,chb08_21.edf,2480.0,2484.0,0,0.969432031155013,1
chb08,chb08_21.edf,2484.0,2488.0,0,0.019940104946285883,0
chb08,chb08_21.edf,2488.0,2492.0,0,0.909183269211656,0
chb08,chb08_21.edf,2492.0,2496.0,0,0.01439810502113918,0
chb08,chb08_21.edf,2496.0,2500.0,0,6.855659325085617e-05,0
chb08,chb08_21.edf,2500.0,2504.0,0,0.00042284361837571495,0
chb08,chb08_21.edf,2504.0,2508.0,0,0.00016825428265363688,0
chb08,chb08_21.edf,2508.0,2512.0,0,0.00457851484407582,0
chb08,chb08_21.edf,2512.0,2516.0,0,0.0006306437943702079,0
chb08,chb08_21.edf,2516.0,2520.0,0,0.03955329459085648,0
chb08,chb08_21.edf,2520.0,2524.0,0,0.00018406350112394642,0
chb08,chb08_21.edf,2524.0,2528.0,0,0.012533226059999021,0
chb08,chb08_21.edf,2528.0,2532.0,0,0.0026669431791635457,0
chb08,chb08_21.edf,2532.0,2536.0,0,1.0233732511722549e-05,0
chb08,chb08_21.edf,2536.0,2540.0,0,0.020578656230705494,0
chb08,chb08_21.edf,2540.0,2544.0,0,0.0007853608005444182,0
chb08,chb08_21.edf,2544.0,2548.0,0,0.02119683805957422,0
chb08,chb08_21.edf,2548.0,2552.0,0,0.007632335386217986,0
chb08,chb08_21.edf,2552.0,2556.0,0,5.7695305844231196e-05,0
chb08,chb08_21.edf,2556.0,2560.0,0,0.0018627264636874121,0
chb08,chb08_21.edf,2560.0,2564.0,0,0.7864023707173545,0
chb08,chb08_21.edf,2564.0,2568.0,0,0.011772722740640867,0
chb08,chb08_21.edf,2568.0,2572.0,0,0.002318217850752626,0
chb08,chb08_21.edf,2572.0,2576.0,0,0.13043808634486745,0
chb08,chb08_21.edf,2576.0,2580.0,0,0.01059969473790297,0
chb08,chb08_21.edf,2580.0,2584.0,0,0.017739379585063598,0
chb08,chb08_21.edf,2584.0,2588.0,0,0.0008765224919833413,0
chb08,chb08_21.edf,2588.0,2592.0,0,0.028270210172922146,0
chb08,chb08_21.edf,2592.0,2596.0,0,5.219087570747407e-05,0
chb08,chb08_21.edf,2596.0,2600.0,0,8.791160541303154e-06,0
chb08,chb08_21.edf,2600.0,2604.0,0,0.5051182123685943,0
chb08,chb08_21.edf,2604.0,2608.0,0,0.017752006761786544,0
chb08,chb08_21.edf,2608.0,2612.0,0,1.5259153558642728e-05,0
chb08,chb08_21.edf,2612.0,2616.0,0,0.010372083667038587,0
chb08,chb08_21.edf,2616.0,2620.0,0,0.014419250428762215,0
chb08,chb08_21.edf,2620.0,2624.0,0,0.00019615757206640247,0
chb08,chb08_21.edf,2624.0,2628.0,0,0.0001172143583813575,0
chb08,chb08_21.edf,2628.0,2632.0,0,0.01133208621674479,0
chb08,chb08_21.edf,2632.0,2636.0,0,0.02497528339248349,0
chb08,chb08_21.edf,2636.0,2640.0,0,0.03546649439785103,0
chb08,chb08_21.edf,2640.0,2644.0,0,0.0003771696708593908,0
chb08,chb08_21.edf,2644.0,2648.0,0,0.0005399998932758253,0
chb08,chb08_21.edf,2648.0,2652.0,0,0.051371913070666506,0
chb08,chb08_21.edf,2652.0,2656.0,0,0.00783477125739493,0
chb08,chb08_21.edf,2656.0,2660.0,0,0.0008362200325345054,0
chb08,chb08_21.edf,2660.0,2664.0,0,0.00571168679277777,0
chb08,chb08_21.edf,2664.0,2668.0,0,0.00014123844240608,0
chb08,chb08_21.edf,2668.0,2672.0,0,0.004469278851239208,0
chb08,chb08_21.edf,2672.0,2676.0,0,0.0008411855322995096,0
chb08,chb08_21.edf,2676.0,2680.0,0,5.314896146976728e-07,0
chb08,chb08_21.edf,2680.0,2684.0,0,1.3836596286104566e-07,0
chb08,chb08_21.edf,2684.0,2688.0,0,6.351462982209449e-05,0
chb08,chb08_21.edf,2688.0,2692.0,0,0.0007431209126402919,0
chb08,chb08_21.edf,2692.0,2696.0,0,6.969537711923574e-05,0
chb08,chb08_21.edf,2696.0,2700.0,0,4.195882917030505e-05,0
chb08,chb08_21.edf,2700.0,2704.0,0,0.009193839460103178,0
chb08,chb08_21.edf,2704.0,2708.0,0,0.00019965329592077873,0
chb08,chb08_21.edf,2708.0,2712.0,0,0.0004592314252449792,0
chb08,chb08_21.edf,2712.0,2716.0,0,0.0008300327361647152,0
chb08,chb08_21.edf,2716.0,2720.0,0,0.0500002169965595,0
chb08,chb08_21.edf,2720.0,2724.0,0,0.00048496438086870815,0
chb08,chb08_21.edf,2724.0,2728.0,0,0.0010040853138023203,0
chb08,chb08_21.edf,2728.0,2732.0,0,0.16957559069283454,0
chb08,chb08_21.edf,2732.0,2736.0,0,0.0006511675116484276,0
chb08,chb08_21.edf,2736.0,2740.0,0,0.4792062245578215,0
chb08,chb08_21.edf,2740.0,2744.0,0,0.0007777853271556988,0
chb08,chb08_21.edf,2744.0,2748.0,0,0.005494512481722305,0
chb08,chb08_21.edf,2748.0,2752.0,0,0.36221771412206394,0
chb08,chb08_21.edf,2752.0,2756.0,0,0.41932271841355806,0
chb08,chb08_21.edf,2756.0,2760.0,0,0.7510815333687854,0
chb08,chb08_21.edf,2760.0,2764.0,0,5.704350863667506e-05,0
chb08,chb08_21.edf,2764.0,2768.0,0,0.01085632708864406,0
chb08,chb08_21.edf,2768.0,2772.0,0,4.022852215187168e-05,0
chb08,chb08_21.edf,2772.0,2776.0,0,3.4583919137765014e-05,0
chb08,chb08_21.edf,2776.0,2780.0,0,0.03159516377763335,0
chb08,chb08_21.edf,2780.0,2784.0,0,0.0049629289909946086,0
chb08,chb08_21.edf,2784.0,2788.0,0,5.738442755082842e-05,0
chb08,chb08_21.edf,2788.0,2792.0,0,0.003794152585267239,0
chb08,chb08_21.edf,2792.0,2796.0,0,0.0006206516728814852,0
chb08,chb08_21.edf,2796.0,2800.0,0,0.0009823175284530855,0
chb08,chb08_21.edf,2800.0,2804.0,0,0.09778951328568507,0
chb08,chb08_21.edf,2804.0,2808.0,0,0.0008790864253857664,0
chb08,chb08_21.edf,2808.0,2812.0,0,0.005502422517863448,0
chb08,chb08_21.edf,2812.0,2816.0,0,0.0027242688059922024,0
chb08,chb08_21.edf,2816.0,2820.0,0,0.03814475744597407,0
chb08,chb08_21.edf,2820.0,2824.0,0,0.0002993684740090401,0
chb08,chb08_21.edf,2824.0,2828.0,0,0.05618507513231328,0
chb08,chb08_21.edf,2828.0,2832.0,0,0.0043676709765090235,0
chb08,chb08_21.edf,2832.0,2836.0,0,0.014697953056419097,0
chb08,chb08_21.edf,2836.0,2840.0,0,0.0001785601712712356,0
chb08,chb08_21.edf,2840.0,2844.0,0,2.066137730033367e-07,0
chb08,chb08_21.edf,2844.0,2848.0,0,0.00412759281491549,0
chb08,chb08_21.edf,2848.0,2852.0,0,0.01066860101525856,0
chb08,chb08_21.edf,2852.0,2856.0,0,0.0034646512519292513,0
chb08,chb08_21.edf,2856.0,2860.0,0,9.050336765336816e-05,0
chb08,chb08_21.edf,2860.0,2864.0,0,6.962048178207085e-05,0
chb08,chb08_21.edf,2864.0,2868.0,0,0.00011110980064875556,0
chb08,chb08_21.edf,2868.0,2872.0,0,0.9841173957618717,1
chb08,chb08_21.edf,2872.0,2876.0,0,0.004648050509993744,0
chb08,chb08_21.edf,2876.0,2880.0,0,0.0005895464911115285,0
chb08,chb08_21.edf,2880.0,2884.0,0,0.0003373947989635788,0
chb08,chb08_21.edf,2884.0,2888.0,0,0.896826431319739,0
chb08,chb08_21.edf,2888.0,2892.0,0,0.0008498899137297752,0
chb08,chb08_21.edf,2892.0,2896.0,0,0.016466406242730266,0
chb08,chb08_21.edf,2896.0,2900.0,0,1.2307026715881869e-06,0
chb08,chb08_21.edf,2900.0,2904.0,0,0.09697148801100228,0
chb08,chb08_21.edf,2904.0,2908.0,0,0.18110840594879316,0
chb08,chb08_21.edf,2908.0,2912.0,0,0.002061850510447148,0
chb08,chb08_21.edf,2912.0,2916.0,0,0.2984293841432758,0
chb08,chb08_21.edf,2916.0,2920.0,0,0.0010449100381620486,0
chb08,chb08_21.edf,2920.0,2924.0,0,5.7461775253360054e-05,0
chb08,chb08_21.edf,2924.0,2928.0,0,0.001407177941900691,0
chb08,chb08_21.edf,2928.0,2932.0,0,6.685299619819542e-05,0
chb08,chb08_21.edf,2932.0,2936.0,0,5.015083504016101e-05,0
chb08,chb08_21.edf,2936.0,2940.0,0,0.07342790451125918,0
chb08,chb08_21.edf,2940.0,2944.0,0,0.005060139969883139,0
chb08,chb08_21.edf,2944.0,2948.0,0,0.12067076394776906,0
chb08,chb08_21.edf,2948.0,2952.0,0,1.5985909170755313e-05,0
chb08,chb08_21.edf,2952.0,2956.0,0,4.983200966952244e-05,0
chb08,chb08_21.edf,2956.0,2960.0,0,2.428869792802829e-05,0
chb08,chb08_21.edf,2960.0,2964.0,0,0.0008066059197707771,0
chb08,chb08_21.edf,2964.0,2968.0,0,0.022095738524413874,0
chb08,chb08_21.edf,2968.0,2972.0,0,1.5130891731868081e-05,0
chb08,chb08_21.edf,2972.0,2976.0,0,0.1138196847695595,0
chb08,chb08_21.edf,2976.0,2980.0,0,0.06140628830690334,0
chb08,chb08_21.edf,2980.0,2984.0,0,0.00021593989162500902,0
chb08,chb08_21.edf,2984.0,2988.0,0,0.0012935504568412802,0
chb08,chb08_21.edf,2988.0,2992.0,0,0.023337994450426145,0
chb08,chb08_21.edf,2992.0,2996.0,0,1.5315201109057092e-06,0
chb08,chb08_21.edf,2996.0,3000.0,0,0.00011831460519242718,0
chb08,chb08_21.edf,3000.0,3004.0,0,0.0008082715216248898,0
chb08,chb08_21.edf,3004.0,3008.0,0,0.0009845323891956457,0
chb08,chb08_21.edf,3008.0,3012.0,0,6.010754268321213e-05,0
chb08,chb08_21.edf,3012.0,3016.0,0,0.0009538587756236695,0
chb08,chb08_21.edf,3016.0,3020.0,0,9.547896549199396e-06,0
chb08,chb08_21.edf,3020.0,3024.0,0,0.0004438593791151944,0
chb08,chb08_21.edf,3024.0,3028.0,0,0.0011297316325234903,0
chb08,chb08_21.edf,3028.0,3032.0,0,0.0011712087766978566,0
chb08,chb08_21.edf,3032.0,3036.0,0,0.011353435390559115,0
chb08,chb08_21.edf,3036.0,3040.0,0,0.0013467713406846535,0
chb08,chb08_21.edf,3040.0,3044.0,0,0.009213541918939564,0
chb08,chb08_21.edf,3044.0,3048.0,0,0.00041801249399943635,0
chb08,chb08_21.edf,3048.0,3052.0,0,0.0020142378348880037,0
chb08,chb08_21.edf,3052.0,3056.0,0,0.009310028930116584,0
chb08,chb08_21.edf,3056.0,3060.0,0,0.00037648911495648935,0
chb08,chb08_21.edf,3060.0,3064.0,0,0.0016227342723902475,0
chb08,chb08_21.edf,3064.0,3068.0,0,0.0021818069744461792,0
chb08,chb08_21.edf,3068.0,3072.0,0,0.0016358731648383929,0
chb08,chb08_21.edf,3072.0,3076.0,0,0.0034378447720851755,0
chb08,chb08_21.edf,3076.0,3080.0,0,0.3813940937078553,0
chb08,chb08_21.edf,3080.0,3084.0,0,0.008529387545470075,0
chb08,chb08_21.edf,3084.0,3088.0,0,0.35104652071916953,0
chb08,chb08_21.edf,3088.0,3092.0,0,0.0009007357677127212,0
chb08,chb08_21.edf,3092.0,3096.0,0,0.004235259195625152,0
chb08,chb08_21.edf,3096.0,3100.0,0,0.12841409881134894,0
chb08,chb08_21.edf,3100.0,3104.0,0,0.06299030754361783,0
chb08,chb08_21.edf,3104.0,3108.0,0,0.28276339324607513,0
chb08,chb08_21.edf,3108.0,3112.0,0,0.00514637334489403,0
chb08,chb08_21.edf,3112.0,3116.0,0,2.3250346767947008e-05,0
chb08,chb08_21.edf,3116.0,3120.0,0,0.001285337301728385,0
chb08,chb08_21.edf,3120.0,3124.0,0,0.0017789228195367842,0
chb08,chb08_21.edf,3124.0,3128.0,0,0.0045347106365026,0
chb08,chb08_21.edf,3128.0,3132.0,0,4.307665340025185e-05,0
chb08,chb08_21.edf,3132.0,3136.0,0,0.9938666251699444,1
chb08,chb08_21.edf,3136.0,3140.0,0,0.05429452047750903,0
chb08,chb08_21.edf,3140.0,3144.0,0,0.00109695712868969,0
chb08,chb08_21.edf,3144.0,3148.0,0,0.0011950185260834866,0
chb08,chb08_21.edf,3148.0,3152.0,0,1.1515256568757187e-05,0
chb08,chb08_21.edf,3152.0,3156.0,0,0.001115789993006337,0
chb08,chb08_21.edf,3156.0,3160.0,0,6.210444204900416e-05,0
chb08,chb08_21.edf,3160.0,3164.0,0,0.004307915188080522,0
chb08,chb08_21.edf,3164.0,3168.0,0,0.0005962707219764208,0
chb08,chb08_21.edf,3168.0,3172.0,0,0.037195598290366824,0
chb08,chb08_21.edf,3172.0,3176.0,0,0.00031217644548712327,0
chb08,chb08_21.edf,3176.0,3180.0,0,5.749957980092357e-06,0
chb08,chb08_21.edf,3180.0,3184.0,0,0.00012697610175471427,0
chb08,chb08_21.edf,3184.0,3188.0,0,0.0004228029609934042,0
chb08,chb08_21.edf,3188.0,3192.0,0,0.006272833507598375,0
chb08,chb08_21.edf,3192.0,3196.0,0,0.06742217127619665,0
chb08,chb08_21.edf,3196.0,3200.0,0,0.8834936996980969,0
chb08,chb08_21.edf,3200.0,3204.0,0,1.559906375408868e-05,0
chb08,chb08_21.edf,3204.0,3208.0,0,2.5256478566450747e-05,0
chb08,chb08_21.edf,3208.0,3212.0,0,0.00033741719978536686,0
chb08,chb08_21.edf,3212.0,3216.0,0,0.0003928355652283515,0
chb08,chb08_21.edf,3216.0,3220.0,0,0.006029354855298241,0
chb08,chb08_21.edf,3220.0,3224.0,0,0.0014916724803918677,0
chb08,chb08_21.edf,3224.0,3228.0,0,0.004164554528559581,0
chb08,chb08_21.edf,3228.0,3232.0,0,0.0046090845238436215,0
chb08,chb08_21.edf,3232.0,3236.0,0,0.0016735792771547426,0
chb08,chb08_21.edf,3236.0,3240.0,0,0.0023173429536517943,0
chb08,chb08_21.edf,3240.0,3244.0,0,0.012988990140353417,0
chb08,chb08_21.edf,3244.0,3248.0,0,7.831764878099684e-05,0
chb08,chb08_21.edf,3248.0,3252.0,0,0.00704653517936518,0
chb08,chb08_21.edf,3252.0,3256.0,0,0.008750720273517702,0
chb08,chb08_21.edf,3256.0,3260.0,0,0.00373782604122032,0
chb08,chb08_21.edf,3260.0,3264.0,0,0.008380201125855373,0
chb08,chb08_21.edf,3264.0,3268.0,0,0.004167531656382624,0
chb08,chb08_21.edf,3268.0,3272.0,0,0.0010662216880030105,0
chb08,chb08_21.edf,3272.0,3276.0,0,0.0011825799986686938,0
chb08,chb08_21.edf,3276.0,3280.0,0,0.016074985972303127,0
chb08,chb08_21.edf,3280.0,3284.0,0,0.09476776789066899,0
chb08,chb08_21.edf,3284.0,3288.0,0,0.007792803386720752,0
chb08,chb08_21.edf,3288.0,3292.0,0,0.029372133813310546,0
chb08,chb08_21.edf,3292.0,3296.0,0,0.0002636843353332548,0
chb08,chb08_21.edf,3296.0,3300.0,0,0.032364066248600394,0
chb08,chb08_21.edf,3300.0,3304.0,0,0.04449858677549541,0
chb08,chb08_21.edf,3304.0,3308.0,0,0.012909840177402238,0
chb08,chb08_21.edf,3308.0,3312.0,0,0.02134084476432804,0
chb08,chb08_21.edf,3312.0,3316.0,0,0.006978903187353997,0
chb08,chb08_21.edf,3316.0,3320.0,0,0.0009046597172056594,0
chb08,chb08_21.edf,3320.0,3324.0,0,0.1629831160733231,0
chb08,chb08_21.edf,3324.0,3328.0,0,3.585969501259772e-05,0
chb08,chb08_21.edf,3328.0,3332.0,0,0.057193401929105166,0
chb08,chb08_21.edf,3332.0,3336.0,0,0.36949013360926497,0
chb08,chb08_21.edf,3336.0,3340.0,0,0.014637479442281212,0
chb08,chb08_21.edf,3340.0,3344.0,0,0.0006075781060843554,0
chb08,chb08_21.edf,3344.0,3348.0,0,0.0011475572430505985,0
chb08,chb08_21.edf,3348.0,3352.0,0,0.487677225971075,0
chb08,chb08_21.edf,3352.0,3356.0,0,0.0027510511579042383,0
chb08,chb08_21.edf,3356.0,3360.0,0,0.018981349225636865,0
chb08,chb08_21.edf,3360.0,3364.0,0,0.055431666839853136,0
chb08,chb08_21.edf,3364.0,3368.0,0,0.0007755320933915972,0
chb08,chb08_21.edf,3368.0,3372.0,0,0.005773113469190553,0
chb08,chb08_21.edf,3372.0,3376.0,0,0.005038516784268372,0
chb08,chb08_21.edf,3376.0,3380.0,0,0.0010607745419424204,0
chb08,chb08_21.edf,3380.0,3384.0,0,0.003968961937581296,0
chb08,chb08_21.edf,3384.0,3388.0,0,0.009237844800896094,0
chb08,chb08_21.edf,3388.0,3392.0,0,0.004990530434358515,0
chb08,chb08_21.edf,3392.0,3396.0,0,0.025904371523757064,0
chb08,chb08_21.edf,3396.0,3400.0,0,0.030777268313466617,0
chb08,chb08_21.edf,3400.0,3404.0,0,0.00074397329088865,0
chb08,chb08_21.edf,3404.0,3408.0,0,0.00394011784725491,0
chb08,chb08_21.edf,3408.0,3412.0,0,0.03368727767290706,0
chb08,chb08_21.edf,3412.0,3416.0,0,0.5136093012415397,0
chb08,chb08_21.edf,3416.0,3420.0,0,0.01277151028041825,0
chb08,chb08_21.edf,3420.0,3424.0,0,0.01075067363055355,0
chb08,chb08_21.edf,3424.0,3428.0,0,0.08363462664277513,0
chb08,chb08_21.edf,3428.0,3432.0,0,0.01586182793898018,0
chb08,chb08_21.edf,3432.0,3436.0,0,0.004742503543412387,0
chb08,chb08_21.edf,3436.0,3440.0,0,1.1773859678677941e-05,0
chb08,chb08_21.edf,3440.0,3444.0,0,0.029846798014089668,0
chb08,chb08_21.edf,3444.0,3448.0,0,0.011371554788653702,0
chb08,chb08_21.edf,3448.0,3452.0,0,0.0025680429199138634,0
chb08,chb08_21.edf,3452.0,3456.0,0,0.05566018103178363,0
chb08,chb08_21.edf,3456.0,3460.0,0,0.014765395523828998,0
chb08,chb08_21.edf,3460.0,3464.0,0,0.050131419832898136,0
chb08,chb08_21.edf,3464.0,3468.0,0,0.0023075360045232136,0
chb08,chb08_21.edf,3468.0,3472.0,0,0.0018358062924713578,0
chb08,chb08_21.edf,3472.0,3476.0,0,0.00618838874374132,0
chb08,chb08_21.edf,3476.0,3480.0,0,0.0026720813197998903,0
chb08,chb08_21.edf,3480.0,3484.0,0,0.0008495100150456801,0
chb08,chb08_21.edf,3484.0,3488.0,0,1.6867547015349724e-05,0
chb08,chb08_21.edf,3488.0,3492.0,0,0.32491204633692394,0
chb08,chb08_21.edf,3492.0,3496.0,0,0.17956407907328878,0
chb08,chb08_21.edf,3496.0,3500.0,0,0.21637639988963187,0
chb08,chb08_21.edf,3500.0,3504.0,0,0.1703359631281932,0
chb08,chb08_21.edf,3504.0,3508.0,0,0.1913768062438016,0
chb08,chb08_21.edf,3508.0,3512.0,0,0.009298936371805844,0
chb08,chb08_21.edf,3512.0,3516.0,0,0.00025703936924943835,0
chb08,chb08_21.edf,3516.0,3520.0,0,0.0006782081708221237,0
chb08,chb08_21.edf,3520.0,3524.0,0,0.03433911541771268,0
chb08,chb08_21.edf,3524.0,3528.0,0,0.0020937640899728856,0
chb08,chb08_21.edf,3528.0,3532.0,0,3.013775275781756e-05,0
chb08,chb08_21.edf,3532.0,3536.0,0,0.001254679715426758,0
chb08,chb08_21.edf,3536.0,3540.0,0,0.009007484221562095,0
chb08,chb08_21.edf,3540.0,3544.0,0,0.021147780939243035,0
chb08,chb08_21.edf,3544.0,3548.0,0,0.005448885552228071,0
chb08,chb08_21.edf,3548.0,3552.0,0,0.03148493754058605,0
chb08,chb08_21.edf,3552.0,3556.0,0,0.013272534901629595,0
chb08,chb08_21.edf,3556.0,3560.0,0,0.003942131078610857,0
chb08,chb08_21.edf,3560.0,3564.0,0,0.10882967858289913,0
chb08,chb08_21.edf,3564.0,3568.0,0,0.11731522071758217,0
chb08,chb08_21.edf,3568.0,3572.0,0,0.00020384838810401132,0
chb08,chb08_21.edf,3572.0,3576.0,0,0.9712411783020092,1
chb08,chb08_21.edf,3576.0,3580.0,0,0.00741602308154025,0
chb08,chb08_21.edf,3580.0,3584.0,0,0.00034974203527629485,0
chb08,chb08_21.edf,3584.0,3588.0,0,0.000296607604474025,0
chb08,chb08_21.edf,3588.0,3592.0,0,0.09610858189762264,0
chb08,chb08_21.edf,3592.0,3596.0,0,0.0008120341496117877,0
chb08,chb08_21.edf,3596.0,3600.0,0,0.003140496584861001,0
