patient,file,start_sec,end_sec,context_start_sec,context_end_sec,value,missing,reason,valid_trials
chb08,chb08_13.edf,0.0,4.0,-6.0,4.0,,1,recording_start,0
chb08,chb08_13.edf,4.0,8.0,-2.0,8.0,,1,recording_start,0
chb08,chb08_13.edf,8.0,12.0,2.0,12.0,-19.800998742159038,0,ok,10
chb08,chb08_13.edf,12.0,16.0,6.0,16.0,-15.982238984102207,0,ok,10
chb08,chb08_13.edf,16.0,20.0,10.0,20.0,-14.029085880849047,0,ok,10
chb08,chb08_13.edf,20.0,24.0,14.0,24.0,-18.439381542906816,0,ok,10
chb08,chb08_13.edf,24.0,28.0,18.0,28.0,-20.363450295308258,0,ok,10
chb08,chb08_13.edf,28.0,32.0,22.0,32.0,-14.296517543751147,0,ok,10
chb08,chb08_13.edf,32.0,36.0,26.0,36.0,-14.205987788014088,0,ok,10
chb08,chb08_13.edf,36.0,40.0,30.0,40.0,-22.01068657013694,0,ok,10
chb08,chb08_13.edf,40.0,44.0,34.0,44.0,-25.413818673130955,0,ok,10
chb08,chb08_13.edf,44.0,48.0,38.0,48.0,-25.947889359212315,0,ok,10
chb08,chb08_13.edf,48.0,52.0,42.0,52.0,-17.503086980174416,0,ok,10
chb08,chb08_13.edf,52.0,56.0,46.0,56.0,-13.128977042053553,0,ok,10
chb08,chb08_13.edf,56.0,60.0,50.0,60.0,-17.173068477459516,0,ok,10
chb08,chb08_13.edf,60.0,64.0,54.0,64.0,-22.2541884191977,0,ok,10
chb08,chb08_13.edf,64.0,68.0,58.0,68.0,-18.748055998944135,0,ok,10
chb08,chb08_13.edf,68.0,72.0,62.0,72.0,-13.15419288622833,0,ok,10
chb08,chb08_13.edf,72.0,76.0,66.0,76.0,-12.2705568768582,0,ok,10
chb08,chb08_13.edf,76.0,80.0,70.0,80.0,-15.631627577783169,0,ok,10
chb08,chb08_13.edf,80.0,84.0,74.0,84.0,-17.24766649394621,0,ok,10
chb08,chb08_13.edf,84.0,88.0,78.0,88.0,-23.472785042069198,0,ok,10
chb08,chb08_13.edf,88.0,92.0,82.0,92.0,-24.81219307217258,0,ok,10
chb08,chb08_13.edf,92.0,96.0,86.0,96.0,-21.34073804146379,0,ok,10
chb08,chb08_13.edf,96.0,100.0,90.0,100.0,-13.454593720785443,0,ok,10
chb08,chb08_13.edf,100.0,104.0,94.0,104.0,-9.343418659846488,0,ok,10
chb08,chb08_13.edf,104.0,108.0,98.0,108.0,-16.312980059613274,0,ok,10
chb08,chb08_13.edf,108.0,112.0,102.0,112.0,-16.36574839907017,0,ok,10
chb08,chb08_13.edf,112.0,116.0,106.0,116.0,-15.762400700267538,0,ok,10
chb08,chb08_13.edf,116.0,120.0,110.0,120.0,-13.849873138348519,0,ok,10
chb08,chb08_13.edf,120.0,124.0,114.0,124.0,-16.214810489575864,0,ok,10
chb08,chb08_13.edf,124.0,128.0,118.0,128.0,-23.09512712586413,0,ok,10
chb08,chb08_13.edf,128.0,132.0,122.0,132.0,-19.379879974600374,0,ok,10
chb08,chb08_13.edf,132.0,136.0,126.0,136.0,-13.763804929182134,0,ok,10
chb08,chb08_13.edf,136.0,140.0,130.0,140.0,-17.180702564970908,0,ok,10
chb08,chb08_13.edf,140.0,144.0,134.0,144.0,-17.646567353875263,0,ok,10
chb08,chb08_13.edf,144.0,148.0,138.0,148.0,-18.518695457432525,0,ok,10
chb08,chb08_13.edf,148.0,152.0,142.0,152.0,-17.977884361895736,0,ok,10
chb08,chb08_13.edf,152.0,156.0,146.0,156.0,-9.557989212176942,0,ok,10
chb08,chb08_13.edf,156.0,160.0,150.0,160.0,-13.481654677904904,0,ok,10
chb08,chb08_13.edf,160.0,164.0,154.0,164.0,-21.573927107546456,0,ok,10
chb08,chb08_13.edf,164.0,168.0,158.0,168.0,-15.198174503614833,0,ok,10
chb08,chb08_13.edf,168.0,172.0,162.0,172.0,-17.4289464433368,0,ok,10
chb08,chb08_13.edf,172.0,176.0,166.0,176.0,-17.584544750517843,0,ok,10
chb08,chb08_13.edf,176.0,180.0,170.0,180.0,-16.716233147247717,0,ok,10
chb08,chb08_13.edf,180.0,184.0,174.0,184.0,-15.6070769753163,0,ok,10
chb08,chb08_13.edf,184.0,188.0,178.0,188.0,-12.81394121872639,0,ok,10
chb08,chb08_13.edf,188.0,192.0,182.0,192.0,-13.533597966175085,0,ok,10
chb08,chb08_13.edf,192.0,196.0,186.0,196.0,-19.233317422982225,0,ok,10
chb08,chb08_13.edf,196.0,200.0,190.0,200.0,-23.19431411372923,0,ok,10
chb08,chb08_13.edf,200.0,204.0,194.0,204.0,-18.418683842197957,0,ok,10
chb08,chb08_13.edf,204.0,208.0,198.0,208.0,-15.062416131404627,0,ok,10
chb08,chb08_13.edf,208.0,212.0,202.0,212.0,-15.230918045599381,0,ok,10
chb08,chb08_13.edf,212.0,216.0,206.0,216.0,-15.846134549223175,0,ok,10
chb08,chb08_13.edf,216.0,220.0,210.0,220.0,-20.209194090958665,0,ok,10
chb08,chb08_13.edf,220.0,224.0,214.0,224.0,-15.968025292257394,0,ok,10
chb08,chb08_13.edf,224.0,228.0,218.0,228.0,-14.607190079571605,0,ok,10
chb08,chb08_13.edf,228.0,232.0,222.0,232.0,-14.012521370920444,0,ok,10
chb08,chb08_13.edf,232.0,236.0,226.0,236.0,-16.691797548924335,0,ok,10
chb08,chb08_13.edf,236.0,240.0,230.0,240.0,-16.901028130515463,0,ok,10
chb08,chb08_13.edf,240.0,244.0,234.0,244.0,-13.707489421146736,0,ok,10
chb08,chb08_13.edf,244.0,248.0,238.0,248.0,-11.47288298073133,0,ok,10
chb08,chb08_13.edf,248.0,252.0,242.0,252.0,-17.79129379476994,0,ok,10
chb08,chb08_13.edf,252.0,256.0,246.0,256.0,-21.221656992561627,0,ok,10
chb08,chb08_13.edf,256.0,260.0,250.0,260.0,-20.132499267623245,0,ok,10
chb08,chb08_13.edf,260.0,264.0,254.0,264.0,-21.598869968952386,0,ok,10
chb08,chb08_13.edf,264.0,268.0,258.0,268.0,-18.729038326251633,0,ok,10
chb08,chb08_13.edf,268.0,272.0,262.0,272.0,-19.652629178646773,0,ok,10
chb08,chb08_13.edf,272.0,276.0,266.0,276.0,-9.19994111501679,0,ok,10
chb08,chb08_13.edf,276.0,280.0,270.0,280.0,-19.569879898435723,0,ok,10
chb08,chb08_13.edf,280.0,284.0,274.0,284.0,-16.34314564694592,0,ok,10
chb08,chb08_13.edf,284.0,288.0,278.0,288.0,-14.990545016184521,0,ok,10
chb08,chb08_13.edf,288.0,292.0,282.0,292.0,-20.176610581789042,0,ok,10
chb08,chb08_13.edf,292.0,296.0,286.0,296.0,-15.666746175660375,0,ok,10
chb08,chb08_13.edf,296.0,300.0,290.0,300.0,-21.037017318268433,0,ok,10
chb08,chb08_13.edf,300.0,304.0,294.0,304.0,-18.022498049522174,0,ok,10
chb08,chb08_13.edf,304.0,308.0,298.0,308.0,-20.953286802405223,0,ok,10
chb08,chb08_13.edf,308.0,312.0,302.0,312.0,-20.178110426908805,0,ok,10
chb08,chb08_13.edf,312.0,316.0,306.0,316.0,-19.044015678743357,0,ok,10
chb08,chb08_13.edf,316.0,320.0,310.0,320.0,-13.824680703998729,0,ok,10
chb08,chb08_13.edf,320.0,324.0,314.0,324.0,-13.026761248056015,0,ok,10
chb08,chb08_13.edf,324.0,328.0,318.0,328.0,-20.27983266956904,0,ok,10
chb08,chb08_13.edf,328.0,332.0,322.0,332.0,-9.663257703703426,0,ok,10
chb08,chb08_13.edf,332.0,336.0,326.0,336.0,-18.430292963581486,0,ok,10
chb08,chb08_13.edf,336.0,340.0,330.0,340.0,-15.61738158437527,0,ok,10
chb08,chb08_13.edf,340.0,344.0,334.0,344.0,-11.916011826928466,0,ok,10
chb08,chb08_13.edf,344.0,348.0,338.0,348.0,-14.335614308985516,0,ok,10
chb08,chb08_13.edf,348.0,352.0,342.0,352.0,-13.064511483589598,0,ok,10
chb08,chb08_13.edf,352.0,356.0,346.0,356.0,-16.232486425453022,0,ok,10
chb08,chb08_13.edf,356.0,360.0,350.0,360.0,-11.395419596181279,0,ok,10
chb08,chb08_13.edf,360.0,364.0,354.0,364.0,-19.896678608218558,0,ok,10
chb08,chb08_13.edf,364.0,368.0,358.0,368.0,-15.033205052064854,0,ok,10
chb08,chb08_13.edf,368.0,372.0,362.0,372.0,-23.642616938208157,0,ok,10
chb08,chb08_13.edf,372.0,376.0,366.0,376.0,-16.75095761680297,0,ok,10
chb08,chb08_13.edf,376.0,380.0,370.0,380.0,-17.147631478079035,0,ok,10
chb08,chb08_13.edf,380.0,384.0,374.0,384.0,-24.05253554193505,0,ok,10
chb08,chb08_13.edf,384.0,388.0,378.0,388.0,-14.170616896337032,0,ok,10
chb08,chb08_13.edf,388.0,392.0,382.0,392.0,-15.672969026434199,0,ok,10
chb08,chb08_13.edf,392.0,396.0,386.0,396.0,-16.87614605436421,0,ok,10
chb08,chb08_13.edf,396.0,400.0,390.0,400.0,-17.287750905952386,0,ok,10
chb08,chb08_13.edf,400.0,404.0,394.0,404.0,-13.20922413388779,0,ok,10
chb08,chb08_13.edf,404.0,408.0,398.0,408.0,-15.862507450819487,0,ok,10
chb08,chb08_13.edf,408.0,412.0,402.0,412.0,-12.007775610370098,0,ok,10
chb08,chb08_13.edf,412.0,416.0,406.0,416.0,-17.450441954464743,0,ok,10
chb08,chb08_13.edf,416.0,420.0,410.0,420.0,-16.37249344621428,0,ok,10
chb08,chb08_13.edf,420.0,424.0,414.0,424.0,-16.69422960462383,0,ok,10
chb08,chb08_13.edf,424.0,428.0,418.0,428.0,-14.883080769228432,0,ok,10
chb08,chb08_13.edf,428.0,432.0,422.0,432.0,-22.140600146613885,0,ok,10
chb08,chb08_13.edf,432.0,436.0,426.0,436.0,-9.889455781748271,0,ok,10
chb08,chb08_13.edf,436.0,440.0,430.0,440.0,-16.015523494882725,0,ok,10
chb08,chb08_13.edf,440.0,444.0,434.0,444.0,-20.28444946762757,0,ok,10
chb08,chb08_13.edf,444.0,448.0,438.0,448.0,-20.09032721024045,0,ok,10
chb08,chb08_13.edf,448.0,452.0,442.0,452.0,-14.75094398542819,0,ok,10
chb08,chb08_13.edf,452.0,456.0,446.0,456.0,-20.83351793813093,0,ok,10
chb08,chb08_13.edf,456.0,460.0,450.0,460.0,-17.26263215742754,0,ok,10
chb08,chb08_13.edf,460.0,464.0,454.0,464.0,-12.527269702659748,0,ok,10
chb08,chb08_13.edf,464.0,468.0,458.0,468.0,-12.176259997991718,0,ok,10
chb08,chb08_13.edf,468.0,472.0,462.0,472.0,-14.222858076575914,0,ok,10
chb08,chb08_13.edf,472.0,476.0,466.0,476.0,-16.558415622564226,0,ok,10
chb08,chb08_13.edf,476.0,480.0,470.0,480.0,-13.825169727012295,0,ok,10
chb08,chb08_13.edf,480.0,484.0,474.0,484.0,-19.541241644352716,0,ok,10
chb08,chb08_13.edf,484.0,488.0,478.0,488.0,-22.618802249205416,0,ok,10
chb08,chb08_13.edf,488.0,492.0,482.0,492.0,-23.184640758166587,0,ok,10
chb08,chb08_13.edf,492.0,496.0,486.0,496.0,-21.73649326909092,0,ok,10
chb08,chb08_13.edf,496.0,500.0,490.0,500.0,-18.301981829951945,0,ok,10
chb08,chb08_13.edf,500.0,504.0,494.0,504.0,-16.26297250542364,0,ok,10
chb08,chb08_13.edf,504.0,508.0,498.0,508.0,-21.476811471750203,0,ok,10
chb08,chb08_13.edf,508.0,512.0,502.0,512.0,-13.595111428090442,0,ok,10
chb08,chb08_13.edf,512.0,516.0,506.0,516.0,-13.408073924599552,0,ok,10
chb08,chb08_13.edf,516.0,520.0,510.0,520.0,-19.658983165765378,0,ok,10
chb08,chb08_13.edf,520.0,524.0,514.0,524.0,-14.02059451909812,0,ok,10
chb08,chb08_13.edf,524.0,528.0,518.0,528.0,-14.30580801697009,0,ok,10
chb08,chb08_13.edf,528.0,532.0,522.0,532.0,-14.26006943335687,0,ok,10
chb08,chb08_13.edf,532.0,536.0,526.0,536.0,-10.509406510684201,0,ok,10
chb08,chb08_13.edf,536.0,540.0,530.0,540.0,-17.489855421584103,0,ok,10
chb08,chb08_13.edf,540.0,544.0,534.0,544.0,-17.670332094131886,0,ok,10
chb08,chb08_13.edf,544.0,548.0,538.0,548.0,-15.873630302516677,0,ok,10
chb08,chb08_13.edf,548.0,552.0,542.0,552.0,-12.384941711289873,0,ok,10
chb08,chb08_13.edf,552.0,556.0,546.0,556.0,-15.928898870302499,0,ok,10
chb08,chb08_13.edf,556.0,560.0,550.0,560.0,-12.79378718700058,0,ok,10
chb08,chb08_13.edf,560.0,564.0,554.0,564.0,-12.33350919826235,0,ok,10
chb08,chb08_13.edf,564.0,568.0,558.0,568.0,-14.580269744936711,0,ok,10
chb08,chb08_13.edf,568.0,572.0,562.0,572.0,-18.79171318875297,0,ok,10
chb08,chb08_13.edf,572.0,576.0,566.0,576.0,-28.606333093486732,0,ok,10
chb08,chb08_13.edf,576.0,580.0,570.0,580.0,-22.9820798800429,0,ok,10
chb08,chb08_13.edf,580.0,584.0,574.0,584.0,-12.876293546951718,0,ok,10
chb08,chb08_13.edf,584.0,588.0,578.0,588.0,-17.111531256518024,0,ok,10
chb08,chb08_13.edf,588.0,592.0,582.0,592.0,-17.601602742596867,0,ok,10
chb08,chb08_13.edf,592.0,596.0,586.0,596.0,-16.804424525273397,0,ok,10
chb08,chb08_13.edf,596.0,600.0,590.0,600.0,-15.407444706749354,0,ok,10
chb08,chb08_13.edf,600.0,604.0,594.0,604.0,-18.33117854258548,0,ok,10
chb08,chb08_13.edf,604.0,608.0,598.0,608.0,-15.870033361437459,0,ok,10
chb08,chb08_13.edf,608.0,612.0,602.0,612.0,-17.972564309182907,0,ok,10
chb08,chb08_13.edf,612.0,616.0,606.0,616.0,-22.903240222991098,0,ok,10
chb08,chb08_13.edf,616.0,620.0,610.0,620.0,-17.975963319460384,0,ok,10
chb08,chb08_13.edf,620.0,624.0,614.0,624.0,-18.662198474878604,0,ok,10
chb08,chb08_13.edf,624.0,628.0,618.0,628.0,-15.861243198449582,0,ok,10
chb08,chb08_13.edf,628.0,632.0,622.0,632.0,-17.74120582888705,0,ok,10
chb08,chb08_13.edf,632.0,636.0,626.0,636.0,-18.083389912521465,0,ok,10
chb08,chb08_13.edf,636.0,640.0,630.0,640.0,-15.600734513357622,0,ok,10
chb08,chb08_13.edf,640.0,644.0,634.0,644.0,-17.626531200675373,0,ok,10
chb08,chb08_13.edf,644.0,648.0,638.0,648.0,-16.663003743221388,0,ok,10
chb08,chb08_13.edf,648.0,652.0,642.0,652.0,-18.24331199038523,0,ok,10
chb08,chb08_13.edf,652.0,656.0,646.0,656.0,-10.498138766931415,0,ok,10
chb08,chb08_13.edf,656.0,660.0,650.0,660.0,-14.970693259193443,0,ok,10
chb08,chb08_13.edf,660.0,664.0,654.0,664.0,-14.827346021627827,0,ok,10
chb08,chb08_13.edf,664.0,668.0,658.0,668.0,-16.184632650025716,0,ok,10
chb08,chb08_13.edf,668.0,672.0,662.0,672.0,-19.996859341911918,0,ok,10
chb08,chb08_13.edf,672.0,676.0,666.0,676.0,-18.07894221713214,0,ok,10
chb08,chb08_13.edf,676.0,680.0,670.0,680.0,-17.372324959375106,0,ok,10
chb08,chb08_13.edf,680.0,684.0,674.0,684.0,-17.436031410664253,0,ok,10
chb08,chb08_13.edf,684.0,688.0,678.0,688.0,-15.58167023387765,0,ok,10
chb08,chb08_13.edf,688.0,692.0,682.0,692.0,-21.911700903503714,0,ok,10
chb08,chb08_13.edf,692.0,696.0,686.0,696.0,-16.51461695893943,0,ok,10
chb08,chb08_13.edf,696.0,700.0,690.0,700.0,-16.839426317710885,0,ok,10
chb08,chb08_13.edf,700.0,704.0,694.0,704.0,-15.321595896141625,0,ok,10
chb08,chb08_13.edf,704.0,708.0,698.0,708.0,-18.42515976896942,0,ok,10
chb08,chb08_13.edf,708.0,712.0,702.0,712.0,-16.05988624191505,0,ok,10
chb08,chb08_13.edf,712.0,716.0,706.0,716.0,-12.084456356395513,0,ok,10
chb08,chb08_13.edf,716.0,720.0,710.0,720.0,-20.059114950443806,0,ok,10
chb08,chb08_13.edf,720.0,724.0,714.0,724.0,-14.139376220772778,0,ok,10
chb08,chb08_13.edf,724.0,728.0,718.0,728.0,-18.551699823985746,0,ok,10
chb08,chb08_13.edf,728.0,732.0,722.0,732.0,-16.23497971236196,0,ok,10
chb08,chb08_13.edf,732.0,736.0,726.0,736.0,-17.759650435978717,0,ok,10
chb08,chb08_13.edf,736.0,740.0,730.0,740.0,-11.215727018971345,0,ok,10
chb08,chb08_13.edf,740.0,744.0,734.0,744.0,-18.285345724381557,0,ok,10
chb08,chb08_13.edf,744.0,748.0,738.0,748.0,-21.67840132256685,0,ok,10
chb08,chb08_13.edf,748.0,752.0,742.0,752.0,-14.080989341773265,0,ok,10
chb08,chb08_13.edf,752.0,756.0,746.0,756.0,-19.053897963131515,0,ok,10
chb08,chb08_13.edf,756.0,760.0,750.0,760.0,-18.082395505883678,0,ok,10
chb08,chb08_13.edf,760.0,764.0,754.0,764.0,-9.523764143375665,0,ok,10
chb08,chb08_13.edf,764.0,768.0,758.0,768.0,-14.06667398319119,0,ok,10
chb08,chb08_13.edf,768.0,772.0,762.0,772.0,-11.820537510417964,0,ok,10
chb08,chb08_13.edf,772.0,776.0,766.0,776.0,-12.728925454578832,0,ok,10
chb08,chb08_13.edf,776.0,780.0,770.0,780.0,-14.265786838446957,0,ok,10
chb08,chb08_13.edf,780.0,784.0,774.0,784.0,-16.177663260345092,0,ok,10
chb08,chb08_13.edf,784.0,788.0,778.0,788.0,-11.126044746118101,0,ok,10
chb08,chb08_13.edf,788.0,792.0,782.0,792.0,-15.746996223514827,0,ok,10
chb08,chb08_13.edf,792.0,796.0,786.0,796.0,-22.111367506903292,0,ok,10
chb08,chb08_13.edf,796.0,800.0,790.0,800.0,-17.250981464520443,0,ok,10
chb08,chb08_13.edf,800.0,804.0,794.0,804.0,-15.490004058323047,0,ok,10
chb08,chb08_13.edf,804.0,808.0,798.0,808.0,-18.865906546922947,0,ok,10
chb08,chb08_13.edf,808.0,812.0,802.0,812.0,-19.715394143313194,0,ok,10
chb08,chb08_13.edf,812.0,816.0,806.0,816.0,-14.212984835234858,0,ok,10
chb08,chb08_13.edf,816.0,820.0,810.0,820.0,-13.056697944019797,0,ok,10
chb08,chb08_13.edf,820.0,824.0,814.0,824.0,-12.798126788228535,0,ok,10
chb08,chb08_13.edf,824.0,828.0,818.0,828.0,-17.552849315226332,0,ok,10
chb08,chb08_13.edf,828.0,832.0,822.0,832.0,-16.137839312916306,0,ok,10
chb08,chb08_13.edf,832.0,836.0,826.0,836.0,-15.638854848614178,0,ok,10
chb08,chb08_13.edf,836.0,840.0,830.0,840.0,-19.030316886917312,0,ok,10
chb08,chb08_13.edf,840.0,844.0,834.0,844.0,-20.894457815774697,0,ok,10
chb08,chb08_13.edf,844.0,848.0,838.0,848.0,-18.361483995003873,0,ok,10
chb08,chb08_13.edf,848.0,852.0,842.0,852.0,-14.203385958361073,0,ok,10
chb08,chb08_13.edf,852.0,856.0,846.0,856.0,-15.471432933581408,0,ok,10
chb08,chb08_13.edf,856.0,860.0,850.0,860.0,-16.17451399995273,0,ok,10
chb08,chb08_13.edf,860.0,864.0,854.0,864.0,-19.40239865038332,0,ok,10
chb08,chb08_13.edf,864.0,868.0,858.0,868.0,-16.078565349721963,0,ok,10
chb08,chb08_13.edf,868.0,872.0,862.0,872.0,-20.84399046686665,0,ok,10
chb08,chb08_13.edf,872.0,876.0,866.0,876.0,-17.992376158919598,0,ok,10
chb08,chb08_13.edf,876.0,880.0,870.0,880.0,-19.106526744054015,0,ok,10
chb08,chb08_13.edf,880.0,884.0,874.0,884.0,-22.47201462791974,0,ok,10
chb08,chb08_13.edf,884.0,888.0,878.0,888.0,-15.55971954734493,0,ok,10
chb08,chb08_13.edf,888.0,892.0,882.0,892.0,-14.542735556531397,0,ok,10
chb08,chb08_13.edf,892.0,896.0,886.0,896.0,-21.711113627297923,0,ok,10
chb08,chb08_13.edf,896.0,900.0,890.0,900.0,-20.451036124633653,0,ok,10
chb08,chb08_13.edf,900.0,904.0,894.0,904.0,-18.81784966655835,0,ok,10
chb08,chb08_13.edf,904.0,908.0,898.0,908.0,-17.786021146788094,0,ok,10
chb08,chb08_13.edf,908.0,912.0,902.0,912.0,-16.037411557925292,0,ok,10
chb08,chb08_13.edf,912.0,916.0,906.0,916.0,-15.092073836370597,0,ok,10
chb08,chb08_13.edf,916.0,920.0,910.0,920.0,-18.241683243804196,0,ok,10
chb08,chb08_13.edf,920.0,924.0,914.0,924.0,-14.844372216372514,0,ok,10
chb08,chb08_13.edf,924.0,928.0,918.0,928.0,-17.788391828886354,0,ok,10
chb08,chb08_13.edf,928.0,932.0,922.0,932.0,-16.640403171605563,0,ok,10
chb08,chb08_13.edf,932.0,936.0,926.0,936.0,-16.35862935225494,0,ok,10
chb08,chb08_13.edf,936.0,940.0,930.0,940.0,-14.947621482297587,0,ok,10
chb08,chb08_13.edf,940.0,944.0,934.0,944.0,-14.865282692149213,0,ok,10
chb08,chb08_13.edf,944.0,948.0,938.0,948.0,-16.38073481734847,0,ok,10
chb08,chb08_13.edf,948.0,952.0,942.0,952.0,-15.303952499280792,0,ok,10
chb08,chb08_13.edf,952.0,956.0,946.0,956.0,-16.96862786112292,0,ok,10
chb08,chb08_13.edf,956.0,960.0,950.0,960.0,-20.58489177407381,0,ok,10
chb08,chb08_13.edf,960.0,964.0,954.0,964.0,-20.76533517693633,0,ok,10
chb08,chb08_13.edf,964.0,968.0,958.0,968.0,-18.172830853843102,0,ok,10
chb08,chb08_13.edf,968.0,972.0,962.0,972.0,-20.38506730529112,0,ok,10
chb08,chb08_13.edf,972.0,976.0,966.0,976.0,-10.286468469862285,0,ok,10
chb08,chb08_13.edf,976.0,980.0,970.0,980.0,-16.834009330790458,0,ok,10
chb08,chb08_13.edf,980.0,984.0,974.0,984.0,-20.555743557888714,0,ok,10
chb08,chb08_13.edf,984.0,988.0,978.0,988.0,-10.306009808973009,0,ok,10
chb08,chb08_13.edf,988.0,992.0,982.0,992.0,-17.586077254309565,0,ok,10
chb08,chb08_13.edf,992.0,996.0,986.0,996.0,-19.974531988617098,0,ok,10
chb08,chb08_13.edf,996.0,1000.0,990.0,1000.0,-15.33087357967509,0,ok,10
chb08,chb08_13.edf,1000.0,1004.0,994.0,1004.0,-18.884625524596157,0,ok,10
chb08,chb08_13.edf,1004.0,1008.0,998.0,1008.0,-16.045063374918893,0,ok,10
chb08,chb08_13.edf,1008.0,1012.0,1002.0,1012.0,-17.128262579243874,0,ok,10
chb08,chb08_13.edf,1012.0,1016.0,1006.0,1016.0,-15.298834539080332,0,ok,10
chb08,chb08_13.edf,1016.0,1020.0,1010.0,1020.0,-17.859184379319906,0,ok,10
chb08,chb08_13.edf,1020.0,1024.0,1014.0,1024.0,-15.849655551438303,0,ok,10
chb08,chb08_13.edf,1024.0,1028.0,1018.0,1028.0,-18.718016376131093,0,ok,10
chb08,chb08_13.edf,1028.0,1032.0,1022.0,1032.0,-19.442441923016975,0,ok,10
chb08,chb08_13.edf,1032.0,1036.0,1026.0,1036.0,-14.333629811630018,0,ok,10
chb08,chb08_13.edf,1036.0,1040.0,1030.0,1040.0,-12.320497667107706,0,ok,10
chb08,chb08_13.edf,1040.0,1044.0,1034.0,1044.0,-13.964919987680446,0,ok,10
chb08,chb08_13.edf,1044.0,1048.0,1038.0,1048.0,-15.881558699901415,0,ok,10
chb08,chb08_13.edf,1048.0,1052.0,1042.0,1052.0,-15.441021851160627,0,ok,10
chb08,chb08_13.edf,1052.0,1056.0,1046.0,1056.0,-25.455020800881005,0,ok,10
chb08,chb08_13.edf,1056.0,1060.0,1050.0,1060.0,-20.37761553132561,0,ok,10
chb08,chb08_13.edf,1060.0,1064.0,1054.0,1064.0,-14.925243383782378,0,ok,10
chb08,chb08_13.edf,1064.0,1068.0,1058.0,1068.0,-13.471209374216613,0,ok,10
chb08,chb08_13.edf,1068.0,1072.0,1062.0,1072.0,-21.835893392927847,0,ok,10
chb08,chb08_13.edf,1072.0,1076.0,1066.0,1076.0,-14.332466466702044,0,ok,10
chb08,chb08_13.edf,1076.0,1080.0,1070.0,1080.0,-15.455217924675816,0,ok,10
chb08,chb08_13.edf,1080.0,1084.0,1074.0,1084.0,-15.949722508523333,0,ok,10
chb08,chb08_13.edf,1084.0,1088.0,1078.0,1088.0,-19.384517328504295,0,ok,10
chb08,chb08_13.edf,1088.0,1092.0,1082.0,1092.0,-18.152415702472755,0,ok,10
chb08,chb08_13.edf,1092.0,1096.0,1086.0,1096.0,-12.344749450755709,0,ok,10
chb08,chb08_13.edf,1096.0,1100.0,1090.0,1100.0,-15.747815394505011,0,ok,10
chb08,chb08_13.edf,1100.0,1104.0,1094.0,1104.0,-18.6434528673732,0,ok,10
chb08,chb08_13.edf,1104.0,1108.0,1098.0,1108.0,-17.508945141926702,0,ok,10
chb08,chb08_13.edf,1108.0,1112.0,1102.0,1112.0,-11.670964902278085,0,ok,10
chb08,chb08_13.edf,1112.0,1116.0,1106.0,1116.0,-15.16101588303665,0,ok,10
chb08,chb08_13.edf,1116.0,1120.0,1110.0,1120.0,-21.642902940392656,0,ok,10
chb08,chb08_13.edf,1120.0,1124.0,1114.0,1124.0,-17.854126374201556,0,ok,10
chb08,chb08_13.edf,1124.0,1128.0,1118.0,1128.0,-19.02072547110092,0,ok,10
chb08,chb08_13.edf,1128.0,1132.0,1122.0,1132.0,-11.676439778425515,0,ok,10
chb08,chb08_13.edf,1132.0,1136.0,1126.0,1136.0,-22.27095964439101,0,ok,10
chb08,chb08_13.edf,1136.0,1140.0,1130.0,1140.0,-23.92911278615377,0,ok,10
chb08,chb08_13.edf,1140.0,1144.0,1134.0,1144.0,-16.686563636929442,0,ok,10
chb08,chb08_13.edf,1144.0,1148.0,1138.0,1148.0,-21.38295420373281,0,ok,10
chb08,chb08_13.edf,1148.0,1152.0,1142.0,1152.0,-19.594269237667255,0,ok,10
chb08,chb08_13.edf,1152.0,1156.0,1146.0,1156.0,-21.560588645365367,0,ok,10
chb08,chb08_13.edf,1156.0,1160.0,1150.0,1160.0,-16.350460932336997,0,ok,10
chb08,chb08_13.edf,1160.0,1164.0,1154.0,1164.0,-20.565495839553787,0,ok,10
chb08,chb08_13.edf,1164.0,1168.0,1158.0,1168.0,-16.19069723326555,0,ok,10
chb08,chb08_13.edf,1168.0,1172.0,1162.0,1172.0,-14.33034170108272,0,ok,10
chb08,chb08_13.edf,1172.0,1176.0,1166.0,1176.0,-9.979752477568532,0,ok,10
chb08,chb08_13.edf,1176.0,1180.0,1170.0,1180.0,-13.723299010047517,0,ok,10
chb08,chb08_13.edf,1180.0,1184.0,1174.0,1184.0,-20.475241056911383,0,ok,10
chb08,chb08_13.edf,1184.0,1188.0,1178.0,1188.0,-13.506499679425588,0,ok,10
chb08,chb08_13.edf,1188.0,1192.0,1182.0,1192.0,-19.877831273962805,0,ok,10
chb08,chb08_13.edf,1192.0,1196.0,1186.0,1196.0,-16.511094725474614,0,ok,10
chb08,chb08_13.edf,1196.0,1200.0,1190.0,1200.0,-15.499892997264624,0,ok,10
chb08,chb08_13.edf,1200.0,1204.0,1194.0,1204.0,-9.399552230686137,0,ok,10
chb08,chb08_13.edf,1204.0,1208.0,1198.0,1208.0,-12.005920243645907,0,ok,10
chb08,chb08_13.edf,1208.0,1212.0,1202.0,1212.0,-12.639997049864036,0,ok,10
chb08,chb08_13.edf,1212.0,1216.0,1206.0,1216.0,-13.323319418573726,0,ok,10
chb08,chb08_13.edf,1216.0,1220.0,1210.0,1220.0,-15.214784482161324,0,ok,10
chb08,chb08_13.edf,1220.0,1224.0,1214.0,1224.0,-16.032400717972028,0,ok,10
chb08,chb08_13.edf,1224.0,1228.0,1218.0,1228.0,-9.619124862751836,0,ok,10
chb08,chb08_13.edf,1228.0,1232.0,1222.0,1232.0,-21.769251170631115,0,ok,10
chb08,chb08_13.edf,1232.0,1236.0,1226.0,1236.0,-19.529845928514995,0,ok,10
chb08,chb08_13.edf,1236.0,1240.0,1230.0,1240.0,-12.113258331738088,0,ok,10
chb08,chb08_13.edf,1240.0,1244.0,1234.0,1244.0,-12.911582335901604,0,ok,10
chb08,chb08_13.edf,1244.0,1248.0,1238.0,1248.0,-15.074401123105957,0,ok,10
chb08,chb08_13.edf,1248.0,1252.0,1242.0,1252.0,-20.301179528167005,0,ok,10
chb08,chb08_13.edf,1252.0,1256.0,1246.0,1256.0,-15.524023916681784,0,ok,10
chb08,chb08_13.edf,1256.0,1260.0,1250.0,1260.0,-16.7304587375921,0,ok,10
chb08,chb08_13.edf,1260.0,1264.0,1254.0,1264.0,-22.300960879568578,0,ok,10
chb08,chb08_13.edf,1264.0,1268.0,1258.0,1268.0,-14.197945794254593,0,ok,10
chb08,chb08_13.edf,1268.0,1272.0,1262.0,1272.0,-15.425466542848977,0,ok,10
chb08,chb08_13.edf,1272.0,1276.0,1266.0,1276.0,-19.370379755824537,0,ok,10
chb08,chb08_13.edf,1276.0,1280.0,1270.0,1280.0,-14.36595227464505,0,ok,10
chb08,chb08_13.edf,1280.0,1284.0,1274.0,1284.0,-15.04118706487042,0,ok,10
chb08,chb08_13.edf,1284.0,1288.0,1278.0,1288.0,-15.72615574030299,0,ok,10
chb08,chb08_13.edf,1288.0,1292.0,1282.0,1292.0,-20.917091061926563,0,ok,10
chb08,chb08_13.edf,1292.0,1296.0,1286.0,1296.0,-21.544575626562214,0,ok,10
chb08,chb08_13.edf,1296.0,1300.0,1290.0,1300.0,-11.904844842384822,0,ok,10
chb08,chb08_13.edf,1300.0,1304.0,1294.0,1304.0,-14.961318072774308,0,ok,10
chb08,chb08_13.edf,1304.0,1308.0,1298.0,1308.0,-14.130836175395174,0,ok,10
chb08,chb08_13.edf,1308.0,1312.0,1302.0,1312.0,-22.54021825156718,0,ok,10
chb08,chb08_13.edf,1312.0,1316.0,1306.0,1316.0,-15.364219204415946,0,ok,10
chb08,chb08_13.edf,1316.0,1320.0,1310.0,1320.0,-13.434163863112321,0,ok,10
chb08,chb08_13.edf,1320.0,1324.0,1314.0,1324.0,-17.851872007462305,0,ok,10
chb08,chb08_13.edf,1324.0,1328.0,1318.0,1328.0,-19.027929022546346,0,ok,10
chb08,chb08_13.edf,1328.0,1332.0,1322.0,1332.0,-11.130822589598708,0,ok,10
chb08,chb08_13.edf,1332.0,1336.0,1326.0,1336.0,-16.301440652619114,0,ok,10
chb08,chb08_13.edf,1336.0,1340.0,1330.0,1340.0,-17.135997299497898,0,ok,10
chb08,chb08_13.edf,1340.0,1344.0,1334.0,1344.0,-17.259618467494384,0,ok,10
chb08,chb08_13.edf,1344.0,1348.0,1338.0,1348.0,-16.245090435378593,0,ok,10
chb08,chb08_13.edf,1348.0,1352.0,1342.0,1352.0,-16.34205740225626,0,ok,10
chb08,chb08_13.edf,1352.0,1356.0,1346.0,1356.0,-18.91885307470198,0,ok,10
chb08,chb08_13.edf,1356.0,1360.0,1350.0,1360.0,-16.59632845722094,0,ok,10
chb08,chb08_13.edf,1360.0,1364.0,1354.0,1364.0,-17.561823059372575,0,ok,10
chb08,chb08_13.edf,1364.0,1368.0,1358.0,1368.0,-16.912238816761644,0,ok,10
chb08,chb08_13.edf,1368.0,1372.0,1362.0,1372.0,-21.703897843592237,0,ok,10
chb08,chb08_13.edf,1372.0,1376.0,1366.0,1376.0,-15.905624775653175,0,ok,10
chb08,chb08_13.edf,1376.0,1380.0,1370.0,1380.0,-21.989207891699518,0,ok,10
chb08,chb08_13.edf,1380.0,1384.0,1374.0,1384.0,-14.703797220139393,0,ok,10
chb08,chb08_13.edf,1384.0,1388.0,1378.0,1388.0,-10.223550311161343,0,ok,10
chb08,chb08_13.edf,1388.0,1392.0,1382.0,1392.0,-21.66103979704919,0,ok,10
chb08,chb08_13.edf,1392.0,1396.0,1386.0,1396.0,-13.498397195949115,0,ok,10
chb08,chb08_13.edf,1396.0,1400.0,1390.0,1400.0,-13.269894931279467,0,ok,10
chb08,chb08_13.edf,1400.0,1404.0,1394.0,1404.0,-19.05568404626984,0,ok,10
chb08,chb08_13.edf,1404.0,1408.0,1398.0,1408.0,-16.90796572142464,0,ok,10
chb08,chb08_13.edf,1408.0,1412.0,1402.0,1412.0,-11.429569211332929,0,ok,10
chb08,chb08_13.edf,1412.0,1416.0,1406.0,1416.0,-21.699986140833893,0,ok,10
chb08,chb08_13.edf,1416.0,1420.0,1410.0,1420.0,-10.72169234348259,0,ok,10
chb08,chb08_13.edf,1420.0,1424.0,1414.0,1424.0,-13.089978725122998,0,ok,10
chb08,chb08_13.edf,1424.0,1428.0,1418.0,1428.0,-22.3123448852653,0,ok,10
chb08,chb08_13.edf,1428.0,1432.0,1422.0,1432.0,-15.785786481381773,0,ok,10
chb08,chb08_13.edf,1432.0,1436.0,1426.0,1436.0,-17.282223837582602,0,ok,10
chb08,chb08_13.edf,1436.0,1440.0,1430.0,1440.0,-20.246276260126987,0,ok,10
chb08,chb08_13.edf,1440.0,1444.0,1434.0,1444.0,-20.8183854874942,0,ok,10
chb08,chb08_13.edf,1444.0,1448.0,1438.0,1448.0,-19.55370312836039,0,ok,10
chb08,chb08_13.edf,1448.0,1452.0,1442.0,1452.0,-14.188603403828079,0,ok,10
chb08,chb08_13.edf,1452.0,1456.0,1446.0,1456.0,-20.449956538901795,0,ok,10
chb08,chb08_13.edf,1456.0,1460.0,1450.0,1460.0,-18.918672850907555,0,ok,10
chb08,chb08_13.edf,1460.0,1464.0,1454.0,1464.0,-13.075929611977969,0,ok,10
chb08,chb08_13.edf,1464.0,1468.0,1458.0,1468.0,-16.45094179386631,0,ok,10
chb08,chb08_13.edf,1468.0,1472.0,1462.0,1472.0,-19.817942561650096,0,ok,10
chb08,chb08_13.edf,1472.0,1476.0,1466.0,1476.0,-10.229766049931012,0,ok,10
chb08,chb08_13.edf,1476.0,1480.0,1470.0,1480.0,-19.158655887701197,0,ok,10
chb08,chb08_13.edf,1480.0,1484.0,1474.0,1484.0,-19.769960871790783,0,ok,10
chb08,chb08_13.edf,1484.0,1488.0,1478.0,1488.0,-20.50909817511298,0,ok,10
chb08,chb08_13.edf,1488.0,1492.0,1482.0,1492.0,-15.916550888811022,0,ok,10
chb08,chb08_13.edf,1492.0,1496.0,1486.0,1496.0,-19.239762201300387,0,ok,10
chb08,chb08_13.edf,1496.0,1500.0,1490.0,1500.0,-11.811161138403103,0,ok,10
chb08,chb08_13.edf,1500.0,1504.0,1494.0,1504.0,-18.283019360670117,0,ok,10
chb08,chb08_13.edf,1504.0,1508.0,1498.0,1508.0,-15.331808778049734,0,ok,10
chb08,chb08_13.edf,1508.0,1512.0,1502.0,1512.0,-19.963937540965123,0,ok,10
chb08,chb08_13.edf,1512.0,1516.0,1506.0,1516.0,-11.78538443687796,0,ok,10
chb08,chb08_13.edf,1516.0,1520.0,1510.0,1520.0,-16.477400085737045,0,ok,10
chb08,chb08_13.edf,1520.0,1524.0,1514.0,1524.0,-15.65537977099217,0,ok,10
chb08,chb08_13.edf,1524.0,1528.0,1518.0,1528.0,-20.678533293720427,0,ok,10
chb08,chb08_13.edf,1528.0,1532.0,1522.0,1532.0,-16.336144441868782,0,ok,10
chb08,chb08_13.edf,1532.0,1536.0,1526.0,1536.0,-18.51163342147193,0,ok,10
chb08,chb08_13.edf,1536.0,1540.0,1530.0,1540.0,-16.652057704867154,0,ok,10
chb08,chb08_13.edf,1540.0,1544.0,1534.0,1544.0,-20.01360336681563,0,ok,10
chb08,chb08_13.edf,1544.0,1548.0,1538.0,1548.0,-14.997082632608146,0,ok,10
chb08,chb08_13.edf,1548.0,1552.0,1542.0,1552.0,-17.232485032774175,0,ok,10
chb08,chb08_13.edf,1552.0,1556.0,1546.0,1556.0,-21.044653889977063,0,ok,10
chb08,chb08_13.edf,1556.0,1560.0,1550.0,1560.0,-22.355309646742402,0,ok,10
chb08,chb08_13.edf,1560.0,1564.0,1554.0,1564.0,-20.09375340927955,0,ok,10
chb08,chb08_13.edf,1564.0,1568.0,1558.0,1568.0,-16.798789221074585,0,ok,10
chb08,chb08_13.edf,1568.0,1572.0,1562.0,1572.0,-14.883499516886321,0,ok,10
chb08,chb08_13.edf,1572.0,1576.0,1566.0,1576.0,-13.357908573244567,0,ok,10
chb08,chb08_13.edf,1576.0,1580.0,1570.0,1580.0,-25.850910500607206,0,ok,10
chb08,chb08_13.edf,1580.0,1584.0,1574.0,1584.0,-17.65512062247509,0,ok,10
chb08,chb08_13.edf,1584.0,1588.0,1578.0,1588.0,-18.227359622396936,0,ok,10
chb08,chb08_13.edf,1588.0,1592.0,1582.0,1592.0,-18.19777633674498,0,ok,10
chb08,chb08_13.edf,1592.0,1596.0,1586.0,1596.0,-16.405150595829955,0,ok,10
chb08,chb08_13.edf,1596.0,1600.0,1590.0,1600.0,-17.335683480273126,0,ok,10
chb08,chb08_13.edf,1600.0,1604.0,1594.0,1604.0,-18.699417214515467,0,ok,10
chb08,chb08_13.edf,1604.0,1608.0,1598.0,1608.0,-16.27004162719181,0,ok,10
chb08,chb08_13.edf,1608.0,1612.0,1602.0,1612.0,-14.474362453075761,0,ok,10
chb08,chb08_13.edf,1612.0,1616.0,1606.0,1616.0,-22.190698105250853,0,ok,10
chb08,chb08_13.edf,1616.0,1620.0,1610.0,1620.0,-16.732377827977647,0,ok,10
chb08,chb08_13.edf,1620.0,1624.0,1614.0,1624.0,-23.098633646796873,0,ok,10
chb08,chb08_13.edf,1624.0,1628.0,1618.0,1628.0,-13.309969476694386,0,ok,10
chb08,chb08_13.edf,1628.0,1632.0,1622.0,1632.0,-15.057355716767328,0,ok,10
chb08,chb08_13.edf,1632.0,1636.0,1626.0,1636.0,-12.761796856591737,0,ok,10
chb08,chb08_13.edf,1636.0,1640.0,1630.0,1640.0,-20.977453899672177,0,ok,10
chb08,chb08_13.edf,1640.0,1644.0,1634.0,1644.0,-11.13728563573186,0,ok,10
chb08,chb08_13.edf,1644.0,1648.0,1638.0,1648.0,-21.44705486107007,0,ok,10
chb08,chb08_13.edf,1648.0,1652.0,1642.0,1652.0,-13.415849980959319,0,ok,10
chb08,chb08_13.edf,1652.0,1656.0,1646.0,1656.0,-17.18053283140876,0,ok,10
chb08,chb08_13.edf,1656.0,1660.0,1650.0,1660.0,-20.651078412742432,0,ok,10
chb08,chb08_13.edf,1660.0,1664.0,1654.0,1664.0,-22.751993388085243,0,ok,10
chb08,chb08_13.edf,1664.0,1668.0,1658.0,1668.0,-18.403073779076692,0,ok,10
chb08,chb08_13.edf,1668.0,1672.0,1662.0,1672.0,-12.718020506123738,0,ok,10
chb08,chb08_13.edf,1672.0,1676.0,1666.0,1676.0,-19.34738202533141,0,ok,10
chb08,chb08_13.edf,1676.0,1680.0,1670.0,1680.0,-19.56350539603178,0,ok,10
chb08,chb08_13.edf,1680.0,1684.0,1674.0,1684.0,-15.901596363432631,0,ok,10
chb08,chb08_13.edf,1684.0,1688.0,1678.0,1688.0,-20.121694847134343,0,ok,10
chb08,chb08_13.edf,1688.0,1692.0,1682.0,1692.0,-18.279529695964207,0,ok,10
chb08,chb08_13.edf,1692.0,1696.0,1686.0,1696.0,-13.624923389334617,0,ok,10
chb08,chb08_13.edf,1696.0,1700.0,1690.0,1700.0,-15.542122540349279,0,ok,10
chb08,chb08_13.edf,1700.0,1704.0,1694.0,1704.0,-15.89282116354958,0,ok,10
chb08,chb08_13.edf,1704.0,1708.0,1698.0,1708.0,-17.068486547486344,0,ok,10
chb08,chb08_13.edf,1708.0,1712.0,1702.0,1712.0,-17.45693717797709,0,ok,10
chb08,chb08_13.edf,1712.0,1716.0,1706.0,1716.0,-21.429256120428242,0,ok,10
chb08,chb08_13.edf,1716.0,1720.0,1710.0,1720.0,-10.245485212987715,0,ok,10
chb08,chb08_13.edf,1720.0,1724.0,1714.0,1724.0,-17.533355013347418,0,ok,10
chb08,chb08_13.edf,1724.0,1728.0,1718.0,1728.0,-14.74338331087093,0,ok,10
chb08,chb08_13.edf,1728.0,1732.0,1722.0,1732.0,-9.481364984341907,0,ok,10
chb08,chb08_13.edf,1732.0,1736.0,1726.0,1736.0,-14.343414362337665,0,ok,10
chb08,chb08_13.edf,1736.0,1740.0,1730.0,1740.0,-12.957428032019745,0,ok,10
chb08,chb08_13.edf,1740.0,1744.0,1734.0,1744.0,-18.800121384447866,0,ok,10
chb08,chb08_13.edf,1744.0,1748.0,1738.0,1748.0,-18.724353443357025,0,ok,10
chb08,chb08_13.edf,1748.0,1752.0,1742.0,1752.0,-17.66249804643058,0,ok,10
chb08,chb08_13.edf,1752.0,1756.0,1746.0,1756.0,-20.30321149224226,0,ok,10
chb08,chb08_13.edf,1756.0,1760.0,1750.0,1760.0,-18.47148086511153,0,ok,10
chb08,chb08_13.edf,1760.0,1764.0,1754.0,1764.0,-19.421860679476893,0,ok,10
chb08,chb08_13.edf,1764.0,1768.0,1758.0,1768.0,-14.703356572346877,0,ok,10
chb08,chb08_13.edf,1768.0,1772.0,1762.0,1772.0,-17.091162108953927,0,ok,10
chb08,chb08_13.edf,1772.0,1776.0,1766.0,1776.0,-16.92681281698427,0,ok,10
chb08,chb08_13.edf,1776.0,1780.0,1770.0,1780.0,-15.35882654961666,0,ok,10
chb08,chb08_13.edf,1780.0,1784.0,1774.0,1784.0,-17.14500750951571,0,ok,10
chb08,chb08_13.edf,1784.0,1788.0,1778.0,1788.0,-13.235565142990234,0,ok,10
chb08,chb08_13.edf,1788.0,1792.0,1782.0,1792.0,-23.517726687117978,0,ok,10
chb08,chb08_13.edf,1792.0,1796.0,1786.0,1796.0,-21.36768264123564,0,ok,10
chb08,chb08_13.edf,1796.0,1800.0,1790.0,1800.0,-16.264191693704614,0,ok,10
chb08,chb08_13.edf,1800.0,1804.0,1794.0,1804.0,-12.621550040248689,0,ok,10
chb08,chb08_13.edf,1804.0,1808.0,1798.0,1808.0,-22.41933249187243,0,ok,10
chb08,chb08_13.edf,1808.0,1812.0,1802.0,1812.0,-15.790415834753261,0,ok,10
chb08,chb08_13.edf,1812.0,1816.0,1806.0,1816.0,-14.710881497530664,0,ok,10
chb08,chb08_13.edf,1816.0,1820.0,1810.0,1820.0,-12.990058406383335,0,ok,10
chb08,chb08_13.edf,1820.0,1824.0,1814.0,1824.0,-15.533120717177814,0,ok,10
chb08,chb08_13.edf,1824.0,1828.0,1818.0,1828.0,-16.466133805574476,0,ok,10
chb08,chb08_13.edf,1828.0,1832.0,1822.0,1832.0,-23.559678205298724,0,ok,10
chb08,chb08_13.edf,1832.0,1836.0,1826.0,1836.0,-15.032371689939769,0,ok,10
chb08,chb08_13.edf,1836.0,1840.0,1830.0,1840.0,-21.112534021746463,0,ok,10
chb08,chb08_13.edf,1840.0,1844.0,1834.0,1844.0,-22.671751631866545,0,ok,10
chb08,chb08_13.edf,1844.0,1848.0,1838.0,1848.0,-18.388201863085186,0,ok,10
chb08,chb08_13.edf,1848.0,1852.0,1842.0,1852.0,-14.524220997216151,0,ok,10
chb08,chb08_13.edf,1852.0,1856.0,1846.0,1856.0,-15.843135564726953,0,ok,10
chb08,chb08_13.edf,1856.0,1860.0,1850.0,1860.0,-19.100516514801477,0,ok,10
chb08,chb08_13.edf,1860.0,1864.0,1854.0,1864.0,-17.939713013664285,0,ok,10
chb08,chb08_13.edf,1864.0,1868.0,1858.0,1868.0,-17.719055762477712,0,ok,10
chb08,chb08_13.edf,1868.0,1872.0,1862.0,1872.0,-12.943330781908656,0,ok,10
chb08,chb08_13.edf,1872.0,1876.0,1866.0,1876.0,-10.35507676127511,0,ok,10
chb08,chb08_13.edf,1876.0,1880.0,1870.0,1880.0,-17.055210949477498,0,ok,10
chb08,chb08_13.edf,1880.0,1884.0,1874.0,1884.0,-20.188105710116975,0,ok,10
chb08,chb08_13.edf,1884.0,1888.0,1878.0,1888.0,-13.449520470035527,0,ok,10
chb08,chb08_13.edf,1888.0,1892.0,1882.0,1892.0,-13.098505541026928,0,ok,10
chb08,chb08_13.edf,1892.0,1896.0,1886.0,1896.0,-17.23350709580694,0,ok,10
chb08,chb08_13.edf,1896.0,1900.0,1890.0,1900.0,-17.846088912152265,0,ok,10
chb08,chb08_13.edf,1900.0,1904.0,1894.0,1904.0,-13.144957225605884,0,ok,10
chb08,chb08_13.edf,1904.0,1908.0,1898.0,1908.0,-20.507251128112244,0,ok,10
chb08,chb08_13.edf,1908.0,1912.0,1902.0,1912.0,-15.961150170041481,0,ok,10
chb08,chb08_13.edf,1912.0,1916.0,1906.0,1916.0,-18.109072820112637,0,ok,10
chb08,chb08_13.edf,1916.0,1920.0,1910.0,1920.0,-17.199554244410173,0,ok,10
chb08,chb08_13.edf,1920.0,1924.0,1914.0,1924.0,-19.397872103320005,0,ok,10
chb08,chb08_13.edf,1924.0,1928.0,1918.0,1928.0,-13.879608071427615,0,ok,10
chb08,chb08_13.edf,1928.0,1932.0,1922.0,1932.0,-11.886767083079302,0,ok,10
chb08,chb08_13.edf,1932.0,1936.0,1926.0,1936.0,-14.630245642248266,0,ok,10
chb08,chb08_13.edf,1936.0,1940.0,1930.0,1940.0,-8.20115649857171,0,ok,10
chb08,chb08_13.edf,1940.0,1944.0,1934.0,1944.0,-15.365526689782765,0,ok,10
chb08,chb08_13.edf,1944.0,1948.0,1938.0,1948.0,-16.5203681993597,0,ok,10
chb08,chb08_13.edf,1948.0,1952.0,1942.0,1952.0,-22.336676764468486,0,ok,10
chb08,chb08_13.edf,1952.0,1956.0,1946.0,1956.0,-16.413256519026763,0,ok,10
chb08,chb08_13.edf,1956.0,1960.0,1950.0,1960.0,-12.407290544944662,0,ok,10
chb08,chb08_13.edf,1960.0,1964.0,1954.0,1964.0,-18.697979593956497,0,ok,10
chb08,chb08_13.edf,1964.0,1968.0,1958.0,1968.0,-19.228797135483095,0,ok,10
chb08,chb08_13.edf,1968.0,1972.0,1962.0,1972.0,-18.89154411991246,0,ok,10
chb08,chb08_13.edf,1972.0,1976.0,1966.0,1976.0,-18.27727069037391,0,ok,10
chb08,chb08_13.edf,1976.0,1980.0,1970.0,1980.0,-22.057831022400283,0,ok,10
chb08,chb08_13.edf,1980.0,1984.0,1974.0,1984.0,-18.446326086026954,0,ok,10
chb08,chb08_13.edf,1984.0,1988.0,1978.0,1988.0,-10.398307546925915,0,ok,10
chb08,chb08_13.edf,1988.0,1992.0,1982.0,1992.0,-16.061817969543178,0,ok,10
chb08,chb08_13.edf,1992.0,1996.0,1986.0,1996.0,-20.038786351560525,0,ok,10
chb08,chb08_13.edf,1996.0,2000.0,1990.0,2000.0,-21.80147450935878,0,ok,10
chb08,chb08_13.edf,2000.0,2004.0,1994.0,2004.0,-12.268394297042006,0,ok,10
chb08,chb08_13.edf,2004.0,2008.0,1998.0,2008.0,-16.785797566609936,0,ok,10
chb08,chb08_13.edf,2008.0,2012.0,2002.0,2012.0,-16.19947151985759,0,ok,10
chb08,chb08_13.edf,2012.0,2016.0,2006.0,2016.0,-14.522000912665302,0,ok,10
chb08,chb08_13.edf,2016.0,2020.0,2010.0,2020.0,-15.693987295268855,0,ok,10
chb08,chb08_13.edf,2020.0,2024.0,2014.0,2024.0,-12.178462861423343,0,ok,10
chb08,chb08_13.edf,2024.0,2028.0,2018.0,2028.0,-19.453822402311083,0,ok,10
chb08,chb08_13.edf,2028.0,2032.0,2022.0,2032.0,-22.61963580757647,0,ok,10
chb08,chb08_13.edf,2032.0,2036.0,2026.0,2036.0,-15.117698637703679,0,ok,10
chb08,chb08_13.edf,2036.0,2040.0,2030.0,2040.0,-14.374754399179412,0,ok,10
chb08,chb08_13.edf,2040.0,2044.0,2034.0,2044.0,-14.27816794979125,0,ok,10
chb08,chb08_13.edf,2044.0,2048.0,2038.0,2048.0,-19.737550556216107,0,ok,10
chb08,chb08_13.edf,2048.0,2052.0,2042.0,2052.0,-20.019572912458994,0,ok,10
chb08,chb08_13.edf,2052.0,2056.0,2046.0,2056.0,-22.029723082173476,0,ok,10
chb08,chb08_13.edf,2056.0,2060.0,2050.0,2060.0,-19.349304345773763,0,ok,10
chb08,chb08_13.edf,2060.0,2064.0,2054.0,2064.0,-11.496319020223249,0,ok,10
chb08,chb08_13.edf,2064.0,2068.0,2058.0,2068.0,-20.338895886675783,0,ok,10
chb08,chb08_13.edf,2068.0,2072.0,2062.0,2072.0,-17.27536383318989,0,ok,10
chb08,chb08_13.edf,2072.0,2076.0,2066.0,2076.0,-21.674511577139445,0,ok,10
chb08,chb08_13.edf,2076.0,2080.0,2070.0,2080.0,-26.37431940193925,0,ok,10
chb08,chb08_13.edf,2080.0,2084.0,2074.0,2084.0,-18.084277436305374,0,ok,10
chb08,chb08_13.edf,2084.0,2088.0,2078.0,2088.0,-15.862743781682827,0,ok,10
chb08,chb08_13.edf,2088.0,2092.0,2082.0,2092.0,-22.476490377688908,0,ok,10
chb08,chb08_13.edf,2092.0,2096.0,2086.0,2096.0,-17.543190310749882,0,ok,10
chb08,chb08_13.edf,2096.0,2100.0,2090.0,2100.0,-22.01169869216198,0,ok,10
chb08,chb08_13.edf,2100.0,2104.0,2094.0,2104.0,-15.416085151406941,0,ok,10
chb08,chb08_13.edf,2104.0,2108.0,2098.0,2108.0,-16.103411020871054,0,ok,10
chb08,chb08_13.edf,2108.0,2112.0,2102.0,2112.0,-17.98844880575586,0,ok,10
chb08,chb08_13.edf,2112.0,2116.0,2106.0,2116.0,-9.533741292843114,0,ok,10
chb08,chb08_13.edf,2116.0,2120.0,2110.0,2120.0,-18.705452122611945,0,ok,10
chb08,chb08_13.edf,2120.0,2124.0,2114.0,2124.0,-14.95071939268784,0,ok,10
chb08,chb08_13.edf,2124.0,2128.0,2118.0,2128.0,-14.759257549398836,0,ok,10
chb08,chb08_13.edf,2128.0,2132.0,2122.0,2132.0,-14.871881653199727,0,ok,10
chb08,chb08_13.edf,2132.0,2136.0,2126.0,2136.0,-16.70076682490706,0,ok,10
chb08,chb08_13.edf,2136.0,2140.0,2130.0,2140.0,-18.62928420597465,0,ok,10
chb08,chb08_13.edf,2140.0,2144.0,2134.0,2144.0,-20.007726965338655,0,ok,10
chb08,chb08_13.edf,2144.0,2148.0,2138.0,2148.0,-17.644158249519965,0,ok,10
chb08,chb08_13.edf,2148.0,2152.0,2142.0,2152.0,-16.07464840920075,0,ok,10
chb08,chb08_13.edf,2152.0,2156.0,2146.0,2156.0,-17.943860560859232,0,ok,10
chb08,chb08_13.edf,2156.0,2160.0,2150.0,2160.0,-17.105019099140115,0,ok,10
chb08,chb08_13.edf,2160.0,2164.0,2154.0,2164.0,-18.86719213445707,0,ok,10
chb08,chb08_13.edf,2164.0,2168.0,2158.0,2168.0,-15.366575342646295,0,ok,10
chb08,chb08_13.edf,2168.0,2172.0,2162.0,2172.0,-18.332419648943358,0,ok,10
chb08,chb08_13.edf,2172.0,2176.0,2166.0,2176.0,-21.148477758960894,0,ok,10
chb08,chb08_13.edf,2176.0,2180.0,2170.0,2180.0,-15.65237582577097,0,ok,10
chb08,chb08_13.edf,2180.0,2184.0,2174.0,2184.0,-17.528137009049978,0,ok,10
chb08,chb08_13.edf,2184.0,2188.0,2178.0,2188.0,-18.94741248324719,0,ok,10
chb08,chb08_13.edf,2188.0,2192.0,2182.0,2192.0,-15.07023463454983,0,ok,10
chb08,chb08_13.edf,2192.0,2196.0,2186.0,2196.0,-14.267028225924824,0,ok,10
chb08,chb08_13.edf,2196.0,2200.0,2190.0,2200.0,-12.216857562680243,0,ok,10
chb08,chb08_13.edf,2200.0,2204.0,2194.0,2204.0,-18.60090854833954,0,ok,10
chb08,chb08_13.edf,2204.0,2208.0,2198.0,2208.0,-18.02915096909851,0,ok,10
chb08,chb08_13.edf,2208.0,2212.0,2202.0,2212.0,-17.345747892991493,0,ok,10
chb08,chb08_13.edf,2212.0,2216.0,2206.0,2216.0,-22.56321485461581,0,ok,10
chb08,chb08_13.edf,2216.0,2220.0,2210.0,2220.0,-22.030239221138032,0,ok,10
chb08,chb08_13.edf,2220.0,2224.0,2214.0,2224.0,-19.48594270061324,0,ok,10
chb08,chb08_13.edf,2224.0,2228.0,2218.0,2228.0,-17.1820375207395,0,ok,10
chb08,chb08_13.edf,2228.0,2232.0,2222.0,2232.0,-17.03990729417874,0,ok,10
chb08,chb08_13.edf,2232.0,2236.0,2226.0,2236.0,-13.991318962591237,0,ok,10
chb08,chb08_13.edf,2236.0,2240.0,2230.0,2240.0,-18.886459310621895,0,ok,10
chb08,chb08_13.edf,2240.0,2244.0,2234.0,2244.0,-13.470197153960104,0,ok,10
chb08,chb08_13.edf,2244.0,2248.0,2238.0,2248.0,-13.028939654826626,0,ok,10
chb08,chb08_13.edf,2248.0,2252.0,2242.0,2252.0,-20.106704979439943,0,ok,10
chb08,chb08_13.edf,2252.0,2256.0,2246.0,2256.0,-10.309475490018844,0,ok,10
chb08,chb08_13.edf,2256.0,2260.0,2250.0,2260.0,-17.827309585548775,0,ok,10
chb08,chb08_13.edf,2260.0,2264.0,2254.0,2264.0,-16.900009949191297,0,ok,10
chb08,chb08_13.edf,2264.0,2268.0,2258.0,2268.0,-12.328802396850342,0,ok,10
chb08,chb08_13.edf,2268.0,2272.0,2262.0,2272.0,-16.870684318744765,0,ok,10
chb08,chb08_13.edf,2272.0,2276.0,2266.0,2276.0,-18.01720847485934,0,ok,10
chb08,chb08_13.edf,2276.0,2280.0,2270.0,2280.0,-20.55551818446865,0,ok,10
chb08,chb08_13.edf,2280.0,2284.0,2274.0,2284.0,-24.177300464977446,0,ok,10
chb08,chb08_13.edf,2284.0,2288.0,2278.0,2288.0,-17.06860882415742,0,ok,10
chb08,chb08_13.edf,2288.0,2292.0,2282.0,2292.0,-20.666306680043782,0,ok,10
chb08,chb08_13.edf,2292.0,2296.0,2286.0,2296.0,-13.616709785485344,0,ok,10
chb08,chb08_13.edf,2296.0,2300.0,2290.0,2300.0,-17.579239301263854,0,ok,10
chb08,chb08_13.edf,2300.0,2304.0,2294.0,2304.0,-14.955843853542945,0,ok,10
chb08,chb08_13.edf,2304.0,2308.0,2298.0,2308.0,-18.218541269766916,0,ok,10
chb08,chb08_13.edf,2308.0,2312.0,2302.0,2312.0,-13.215143126598061,0,ok,10
chb08,chb08_13.edf,2312.0,2316.0,2306.0,2316.0,-14.430738701188815,0,ok,10
chb08,chb08_13.edf,2316.0,2320.0,2310.0,2320.0,-19.196951897914737,0,ok,10
chb08,chb08_13.edf,2320.0,2324.0,2314.0,2324.0,-15.291548899009417,0,ok,10
chb08,chb08_13.edf,2324.0,2328.0,2318.0,2328.0,-15.224704964972352,0,ok,10
chb08,chb08_13.edf,2328.0,2332.0,2322.0,2332.0,-19.269299062156282,0,ok,10
chb08,chb08_13.edf,2332.0,2336.0,2326.0,2336.0,-17.238713578662548,0,ok,10
chb08,chb08_13.edf,2336.0,2340.0,2330.0,2340.0,-20.32383239723938,0,ok,10
chb08,chb08_13.edf,2340.0,2344.0,2334.0,2344.0,-19.553622944354736,0,ok,10
chb08,chb08_13.edf,2344.0,2348.0,2338.0,2348.0,-18.51452929597678,0,ok,10
chb08,chb08_13.edf,2348.0,2352.0,2342.0,2352.0,-15.63264956030098,0,ok,10
chb08,chb08_13.edf,2352.0,2356.0,2346.0,2356.0,-19.589465301393407,0,ok,10
chb08,chb08_13.edf,2356.0,2360.0,2350.0,2360.0,-14.403339316338613,0,ok,10
chb08,chb08_13.edf,2360.0,2364.0,2354.0,2364.0,-16.952839544443187,0,ok,10
chb08,chb08_13.edf,2364.0,2368.0,2358.0,2368.0,-18.295786036128675,0,ok,10
chb08,chb08_13.edf,2368.0,2372.0,2362.0,2372.0,-18.51109037202812,0,ok,10
chb08,chb08_13.edf,2372.0,2376.0,2366.0,2376.0,-14.497394989789305,0,ok,10
chb08,chb08_13.edf,2376.0,2380.0,2370.0,2380.0,-15.769434362244676,0,ok,10
chb08,chb08_13.edf,2380.0,2384.0,2374.0,2384.0,-17.751026427046185,0,ok,10
chb08,chb08_13.edf,2384.0,2388.0,2378.0,2388.0,-18.37494592057434,0,ok,10
chb08,chb08_13.edf,2388.0,2392.0,2382.0,2392.0,-18.536380664049528,0,ok,10
chb08,chb08_13.edf,2392.0,2396.0,2386.0,2396.0,-13.819644700433917,0,ok,10
chb08,chb08_13.edf,2396.0,2400.0,2390.0,2400.0,-11.916491899516014,0,ok,10
chb08,chb08_13.edf,2400.0,2404.0,2394.0,2404.0,-16.567535829345367,0,ok,10
chb08,chb08_13.edf,2404.0,2408.0,2398.0,2408.0,-22.42602419341682,0,ok,10
chb08,chb08_13.edf,2408.0,2412.0,2402.0,2412.0,-17.28084063348428,0,ok,10
chb08,chb08_13.edf,2412.0,2416.0,2406.0,2416.0,-12.853128193810026,0,ok,10
chb08,chb08_13.edf,2416.0,2420.0,2410.0,2420.0,-12.502217412947946,0,ok,10
chb08,chb08_13.edf,2420.0,2424.0,2414.0,2424.0,-15.707480168844295,0,ok,10
chb08,chb08_13.edf,2424.0,2428.0,2418.0,2428.0,-19.22665900157044,0,ok,10
chb08,chb08_13.edf,2428.0,2432.0,2422.0,2432.0,-12.909201564116529,0,ok,10
chb08,chb08_13.edf,2432.0,2436.0,2426.0,2436.0,-12.84646586469196,0,ok,10
chb08,chb08_13.edf,2436.0,2440.0,2430.0,2440.0,-14.849717455421345,0,ok,10
chb08,chb08_13.edf,2440.0,2444.0,2434.0,2444.0,-19.725632838838585,0,ok,10
chb08,chb08_13.edf,2444.0,2448.0,2438.0,2448.0,-18.127659956937,0,ok,10
chb08,chb08_13.edf,2448.0,2452.0,2442.0,2452.0,-21.673098624963792,0,ok,10
chb08,chb08_13.edf,2452.0,2456.0,2446.0,2456.0,-18.474454178017965,0,ok,10
chb08,chb08_13.edf,2456.0,2460.0,2450.0,2460.0,-16.042457600004806,0,ok,10
chb08,chb08_13.edf,2460.0,2464.0,2454.0,2464.0,-17.440223820598302,0,ok,10
chb08,chb08_13.edf,2464.0,2468.0,2458.0,2468.0,-17.01942387331811,0,ok,10
chb08,chb08_13.edf,2468.0,2472.0,2462.0,2472.0,-21.158757042086943,0,ok,10
chb08,chb08_13.edf,2472.0,2476.0,2466.0,2476.0,-18.934652453982903,0,ok,10
chb08,chb08_13.edf,2476.0,2480.0,2470.0,2480.0,-20.605733306726133,0,ok,10
chb08,chb08_13.edf,2480.0,2484.0,2474.0,2484.0,-21.848224471366535,0,ok,10
chb08,chb08_13.edf,2484.0,2488.0,2478.0,2488.0,-19.23094931141025,0,ok,10
chb08,chb08_13.edf,2488.0,2492.0,2482.0,2492.0,-16.757287038596235,0,ok,10
chb08,chb08_13.edf,2492.0,2496.0,2486.0,2496.0,-22.593976784125,0,ok,10
chb08,chb08_13.edf,2496.0,2500.0,2490.0,2500.0,-15.434673555397206,0,ok,10
chb08,chb08_13.edf,2500.0,2504.0,2494.0,2504.0,-23.14374854915614,0,ok,10
chb08,chb08_13.edf,2504.0,2508.0,2498.0,2508.0,-18.25035950305796,0,ok,10
chb08,chb08_13.edf,2508.0,2512.0,2502.0,2512.0,-18.095998606244326,0,ok,10
chb08,chb08_13.edf,2512.0,2516.0,2506.0,2516.0,-14.156688498020163,0,ok,10
chb08,chb08_13.edf,2516.0,2520.0,2510.0,2520.0,-22.29817112662548,0,ok,10
chb08,chb08_13.edf,2520.0,2524.0,2514.0,2524.0,-19.017717163087852,0,ok,10
chb08,chb08_13.edf,2524.0,2528.0,2518.0,2528.0,-16.50391583729219,0,ok,10
chb08,chb08_13.edf,2528.0,2532.0,2522.0,2532.0,-15.686657322549397,0,ok,10
chb08,chb08_13.edf,2532.0,2536.0,2526.0,2536.0,-19.202634775586773,0,ok,10
chb08,chb08_13.edf,2536.0,2540.0,2530.0,2540.0,-16.79090465751702,0,ok,10
chb08,chb08_13.edf,2540.0,2544.0,2534.0,2544.0,-18.452540724949177,0,ok,10
chb08,chb08_13.edf,2544.0,2548.0,2538.0,2548.0,-17.7832904811267,0,ok,10
chb08,chb08_13.edf,2548.0,2552.0,2542.0,2552.0,-20.16678767380811,0,ok,10
chb08,chb08_13.edf,2552.0,2556.0,2546.0,2556.0,-15.039239975384714,0,ok,10
chb08,chb08_13.edf,2556.0,2560.0,2550.0,2560.0,-16.87401444343427,0,ok,10
chb08,chb08_13.edf,2560.0,2564.0,2554.0,2564.0,-19.580874917150282,0,ok,10
chb08,chb08_13.edf,2564.0,2568.0,2558.0,2568.0,-17.260356102161147,0,ok,10
chb08,chb08_13.edf,2568.0,2572.0,2562.0,2572.0,-12.930610178741683,0,ok,10
chb08,chb08_13.edf,2572.0,2576.0,2566.0,2576.0,-12.417023869373846,0,ok,10
chb08,chb08_13.edf,2576.0,2580.0,2570.0,2580.0,-16.756293883963863,0,ok,10
chb08,chb08_13.edf,2580.0,2584.0,2574.0,2584.0,-20.220648942793503,0,ok,10
chb08,chb08_13.edf,2584.0,2588.0,2578.0,2588.0,-14.647401863936363,0,ok,10
chb08,chb08_13.edf,2588.0,2592.0,2582.0,2592.0,-19.560366619247052,0,ok,10
chb08,chb08_13.edf,2592.0,2596.0,2586.0,2596.0,-10.801628816898269,0,ok,10
chb08,chb08_13.edf,2596.0,2600.0,2590.0,2600.0,-19.028475835795682,0,ok,10
chb08,chb08_13.edf,2600.0,2604.0,2594.0,2604.0,-17.84384445916924,0,ok,10
chb08,chb08_13.edf,2604.0,2608.0,2598.0,2608.0,-20.769773025935546,0,ok,10
chb08,chb08_13.edf,2608.0,2612.0,2602.0,2612.0,-22.86389909435793,0,ok,10
chb08,chb08_13.edf,2612.0,2616.0,2606.0,2616.0,-17.39065288307979,0,ok,10
chb08,chb08_13.edf,2616.0,2620.0,2610.0,2620.0,-14.263433187010756,0,ok,10
chb08,chb08_13.edf,2620.0,2624.0,2614.0,2624.0,-11.712896461987558,0,ok,10
chb08,chb08_13.edf,2624.0,2628.0,2618.0,2628.0,-20.474728747735792,0,ok,10
chb08,chb08_13.edf,2628.0,2632.0,2622.0,2632.0,-20.61992513271938,0,ok,10
chb08,chb08_13.edf,2632.0,2636.0,2626.0,2636.0,-13.615023395286917,0,ok,10
chb08,chb08_13.edf,2636.0,2640.0,2630.0,2640.0,-15.61326780596858,0,ok,10
chb08,chb08_13.edf,2640.0,2644.0,2634.0,2644.0,-16.062921657176506,0,ok,10
chb08,chb08_13.edf,2644.0,2648.0,2638.0,2648.0,-16.579527455591094,0,ok,10
chb08,chb08_13.edf,2648.0,2652.0,2642.0,2652.0,-12.238461008172015,0,ok,10
chb08,chb08_13.edf,2652.0,2656.0,2646.0,2656.0,-10.485427021309386,0,ok,10
chb08,chb08_13.edf,2656.0,2660.0,2650.0,2660.0,-11.654731588260928,0,ok,10
chb08,chb08_13.edf,2660.0,2664.0,2654.0,2664.0,-16.232571611533423,0,ok,10
chb08,chb08_13.edf,2664.0,2668.0,2658.0,2668.0,-14.502998010819013,0,ok,10
chb08,chb08_13.edf,2668.0,2672.0,2662.0,2672.0,-16.24976136659378,0,ok,10
chb08,chb08_13.edf,2672.0,2676.0,2666.0,2676.0,-16.082134792615808,0,ok,10
chb08,chb08_13.edf,2676.0,2680.0,2670.0,2680.0,-14.692026331229721,0,ok,10
chb08,chb08_13.edf,2680.0,2684.0,2674.0,2684.0,-19.936003592218647,0,ok,10
chb08,chb08_13.edf,2684.0,2688.0,2678.0,2688.0,-17.08527650688022,0,ok,10
chb08,chb08_13.edf,2688.0,2692.0,2682.0,2692.0,-15.419621237840326,0,ok,10
chb08,chb08_13.edf,2692.0,2696.0,2686.0,2696.0,-12.308514011234172,0,ok,10
chb08,chb08_13.edf,2696.0,2700.0,2690.0,2700.0,-13.901238521702954,0,ok,10
chb08,chb08_13.edf,2700.0,2704.0,2694.0,2704.0,-17.281674570955612,0,ok,10
chb08,chb08_13.edf,2704.0,2708.0,2698.0,2708.0,-13.928846308204175,0,ok,10
chb08,chb08_13.edf,2708.0,2712.0,2702.0,2712.0,-21.39361071970101,0,ok,10
chb08,chb08_13.edf,2712.0,2716.0,2706.0,2716.0,-18.3795866177833,0,ok,10
chb08,chb08_13.edf,2716.0,2720.0,2710.0,2720.0,-12.335786890901911,0,ok,10
chb08,chb08_13.edf,2720.0,2724.0,2714.0,2724.0,-21.49700914051383,0,ok,10
chb08,chb08_13.edf,2724.0,2728.0,2718.0,2728.0,-18.15440914734733,0,ok,10
chb08,chb08_13.edf,2728.0,2732.0,2722.0,2732.0,-20.23459449759026,0,ok,10
chb08,chb08_13.edf,2732.0,2736.0,2726.0,2736.0,-17.310193744156685,0,ok,10
chb08,chb08_13.edf,2736.0,2740.0,2730.0,2740.0,-13.618847368623197,0,ok,10
chb08,chb08_13.edf,2740.0,2744.0,2734.0,2744.0,-17.869686012163438,0,ok,10
chb08,chb08_13.edf,2744.0,2748.0,2738.0,2748.0,-15.238981842224579,0,ok,10
chb08,chb08_13.edf,2748.0,2752.0,2742.0,2752.0,-16.405244453242965,0,ok,10
chb08,chb08_13.edf,2752.0,2756.0,2746.0,2756.0,-15.099570239408303,0,ok,10
chb08,chb08_13.edf,2756.0,2760.0,2750.0,2760.0,-16.207306730980456,0,ok,10
chb08,chb08_13.edf,2760.0,2764.0,2754.0,2764.0,-14.329864592733742,0,ok,10
chb08,chb08_13.edf,2764.0,2768.0,2758.0,2768.0,-14.6256525190281,0,ok,10
chb08,chb08_13.edf,2768.0,2772.0,2762.0,2772.0,-16.31518236494999,0,ok,10
chb08,chb08_13.edf,2772.0,2776.0,2766.0,2776.0,-13.440452334127508,0,ok,10
chb08,chb08_13.edf,2776.0,2780.0,2770.0,2780.0,-16.881153632675176,0,ok,10
chb08,chb08_13.edf,2780.0,2784.0,2774.0,2784.0,-14.754868065342794,0,ok,10
chb08,chb08_13.edf,2784.0,2788.0,2778.0,2788.0,-11.372211825949032,0,ok,10
chb08,chb08_13.edf,2788.0,2792.0,2782.0,2792.0,-16.516628726411714,0,ok,10
chb08,chb08_13.edf,2792.0,2796.0,2786.0,2796.0,-14.596034962219775,0,ok,10
chb08,chb08_13.edf,2796.0,2800.0,2790.0,2800.0,-12.56789816452442,0,ok,10
chb08,chb08_13.edf,2800.0,2804.0,2794.0,2804.0,-15.863144913169762,0,ok,10
chb08,chb08_13.edf,2804.0,2808.0,2798.0,2808.0,-16.2499338892027,0,ok,10
chb08,chb08_13.edf,2808.0,2812.0,2802.0,2812.0,-15.188985920113211,0,ok,10
chb08,chb08_13.edf,2812.0,2816.0,2806.0,2816.0,-16.459105755692498,0,ok,10
chb08,chb08_13.edf,2816.0,2820.0,2810.0,2820.0,-16.317657533745184,0,ok,10
chb08,chb08_13.edf,2820.0,2824.0,2814.0,2824.0,-16.932007853732486,0,ok,10
chb08,chb08_13.edf,2824.0,2828.0,2818.0,2828.0,-16.1178234469571,0,ok,10
chb08,chb08_13.edf,2828.0,2832.0,2822.0,2832.0,-15.319325923615619,0,ok,10
chb08,chb08_13.edf,2832.0,2836.0,2826.0,2836.0,-16.85513017855859,0,ok,10
chb08,chb08_13.edf,2836.0,2840.0,2830.0,2840.0,-22.235482167751282,0,ok,10
chb08,chb08_13.edf,2840.0,2844.0,2834.0,2844.0,-23.850196748330546,0,ok,10
chb08,chb08_13.edf,2844.0,2848.0,2838.0,2848.0,-12.146512444404843,0,ok,10
chb08,chb08_13.edf,2848.0,2852.0,2842.0,2852.0,-17.52414034438629,0,ok,10
chb08,chb08_13.edf,2852.0,2856.0,2846.0,2856.0,-16.7022173411488,0,ok,10
chb08,chb08_13.edf,2856.0,2860.0,2850.0,2860.0,-14.056808729015202,0,ok,10
chb08,chb08_13.edf,2860.0,2864.0,2854.0,2864.0,-9.519146201932188,0,ok,10
chb08,chb08_13.edf,2864.0,2868.0,2858.0,2868.0,-10.510161078591342,0,ok,10
chb08,chb08_13.edf,2868.0,2872.0,2862.0,2872.0,-14.330781436503553,0,ok,10
chb08,chb08_13.edf,2872.0,2876.0,2866.0,2876.0,-11.500543230042855,0,ok,10
chb08,chb08_13.edf,2876.0,2880.0,2870.0,2880.0,-15.697448947944304,0,ok,10
chb08,chb08_13.edf,2880.0,2884.0,2874.0,2884.0,-15.279142175138556,0,ok,10
chb08,chb08_13.edf,2884.0,2888.0,2878.0,2888.0,-15.662290776618812,0,ok,10
chb08,chb08_13.edf,2888.0,2892.0,2882.0,2892.0,-15.364251287312669,0,ok,10
chb08,chb08_13.edf,2892.0,2896.0,2886.0,2896.0,-17.784181058134156,0,ok,10
chb08,chb08_13.edf,2896.0,2900.0,2890.0,2900.0,-18.02298147279119,0,ok,10
chb08,chb08_13.edf,2900.0,2904.0,2894.0,2904.0,-18.222896985724677,0,ok,10
chb08,chb08_13.edf,2904.0,2908.0,2898.0,2908.0,-17.652385656239748,0,ok,10
chb08,chb08_13.edf,2908.0,2912.0,2902.0,2912.0,-17.259711868796526,0,ok,10
chb08,chb08_13.edf,2912.0,2916.0,2906.0,2916.0,-16.40165224537798,0,ok,10
chb08,chb08_13.edf,2916.0,2920.0,2910.0,2920.0,-12.475470468311084,0,ok,10
chb08,chb08_13.edf,2920.0,2924.0,2914.0,2924.0,-12.584698434731417,0,ok,10
chb08,chb08_13.edf,2924.0,2928.0,2918.0,2928.0,-19.23074750935219,0,ok,10
chb08,chb08_13.edf,2928.0,2932.0,2922.0,2932.0,-14.50836761628337,0,ok,10
chb08,chb08_13.edf,2932.0,2936.0,2926.0,2936.0,-18.428605520359007,0,ok,10
chb08,chb08_13.edf,2936.0,2940.0,2930.0,2940.0,-18.344675937763043,0,ok,10
chb08,chb08_13.edf,2940.0,2944.0,2934.0,2944.0,-17.877649801660027,0,ok,10
chb08,chb08_13.edf,2944.0,2948.0,2938.0,2948.0,-11.63755764864743,0,ok,10
chb08,chb08_13.edf,2948.0,2952.0,2942.0,2952.0,-15.191974868746808,0,ok,10
chb08,chb08_13.edf,2952.0,2956.0,2946.0,2956.0,-13.254357121880048,0,ok,10
chb08,chb08_13.edf,2956.0,2960.0,2950.0,2960.0,-18.522146676167896,0,ok,10
chb08,chb08_13.edf,2960.0,2964.0,2954.0,2964.0,-16.962521132195523,0,ok,10
chb08,chb08_13.edf,2964.0,2968.0,2958.0,2968.0,-16.85747189493437,0,ok,10
chb08,chb08_13.edf,2968.0,2972.0,2962.0,2972.0,-20.25233571316432,0,ok,10
chb08,chb08_13.edf,2972.0,2976.0,2966.0,2976.0,-18.061388274579258,0,ok,10
chb08,chb08_13.edf,2976.0,2980.0,2970.0,2980.0,-20.324511746908122,0,ok,10
chb08,chb08_13.edf,2980.0,2984.0,2974.0,2984.0,-18.02229597375218,0,ok,10
chb08,chb08_13.edf,2984.0,2988.0,2978.0,2988.0,-15.097648765683143,0,ok,10
chb08,chb08_13.edf,2988.0,2992.0,2982.0,2992.0,-20.55836113853718,0,ok,10
chb08,chb08_13.edf,2992.0,2996.0,2986.0,2996.0,-15.387593573796693,0,ok,10
chb08,chb08_13.edf,2996.0,3000.0,2990.0,3000.0,-16.559332183485513,0,ok,10
chb08,chb08_13.edf,3000.0,3004.0,2994.0,3004.0,-13.450098203607036,0,ok,10
chb08,chb08_13.edf,3004.0,3008.0,2998.0,3008.0,-18.154649368171725,0,ok,10
chb08,chb08_13.edf,3008.0,3012.0,3002.0,3012.0,-15.42752479133226,0,ok,10
chb08,chb08_13.edf,3012.0,3016.0,3006.0,3016.0,-13.281057203752539,0,ok,10
chb08,chb08_13.edf,3016.0,3020.0,3010.0,3020.0,-16.280367173475277,0,ok,10
chb08,chb08_13.edf,3020.0,3024.0,3014.0,3024.0,-18.478138464324456,0,ok,10
chb08,chb08_13.edf,3024.0,3028.0,3018.0,3028.0,-18.786886433547387,0,ok,10
chb08,chb08_13.edf,3028.0,3032.0,3022.0,3032.0,-15.711276416365653,0,ok,10
chb08,chb08_13.edf,3032.0,3036.0,3026.0,3036.0,-13.470465547681815,0,ok,10
chb08,chb08_13.edf,3036.0,3040.0,3030.0,3040.0,-15.282566288650179,0,ok,10
chb08,chb08_13.edf,3040.0,3044.0,3034.0,3044.0,-14.75129736013252,0,ok,10
chb08,chb08_13.edf,3044.0,3048.0,3038.0,3048.0,-14.691206543242497,0,ok,10
chb08,chb08_13.edf,3048.0,3052.0,3042.0,3052.0,-20.711070020792448,0,ok,10
chb08,chb08_13.edf,3052.0,3056.0,3046.0,3056.0,-14.174572897595047,0,ok,10
chb08,chb08_13.edf,3056.0,3060.0,3050.0,3060.0,-15.265189304104373,0,ok,10
chb08,chb08_13.edf,3060.0,3064.0,3054.0,3064.0,-18.385552617861823,0,ok,10
chb08,chb08_13.edf,3064.0,3068.0,3058.0,3068.0,-14.548871403573509,0,ok,10
chb08,chb08_13.edf,3068.0,3072.0,3062.0,3072.0,-17.704448335321874,0,ok,10
chb08,chb08_13.edf,3072.0,3076.0,3066.0,3076.0,-7.20550925169456,0,ok,10
chb08,chb08_13.edf,3076.0,3080.0,3070.0,3080.0,-12.71016529834896,0,ok,10
chb08,chb08_13.edf,3080.0,3084.0,3074.0,3084.0,-15.957431687248521,0,ok,10
chb08,chb08_13.edf,3084.0,3088.0,3078.0,3088.0,-12.03298521280937,0,ok,10
chb08,chb08_13.edf,3088.0,3092.0,3082.0,3092.0,-14.091994899046432,0,ok,10
chb08,chb08_13.edf,3092.0,3096.0,3086.0,3096.0,-15.195039719798626,0,ok,10
chb08,chb08_13.edf,3096.0,3100.0,3090.0,3100.0,-13.943947359225922,0,ok,10
chb08,chb08_13.edf,3100.0,3104.0,3094.0,3104.0,-18.145654043815117,0,ok,10
chb08,chb08_13.edf,3104.0,3108.0,3098.0,3108.0,-17.815971666636816,0,ok,10
chb08,chb08_13.edf,3108.0,3112.0,3102.0,3112.0,-19.037554550752123,0,ok,10
chb08,chb08_13.edf,3112.0,3116.0,3106.0,3116.0,-10.818780015126736,0,ok,10
chb08,chb08_13.edf,3116.0,3120.0,3110.0,3120.0,-18.646460553905378,0,ok,10
chb08,chb08_13.edf,3120.0,3124.0,3114.0,3124.0,-14.255742509551244,0,ok,10
chb08,chb08_13.edf,3124.0,3128.0,3118.0,3128.0,-11.298474813780048,0,ok,10
chb08,chb08_13.edf,3128.0,3132.0,3122.0,3132.0,-21.03685905327375,0,ok,10
chb08,chb08_13.edf,3132.0,3136.0,3126.0,3136.0,-23.3138843592479,0,ok,10
chb08,chb08_13.edf,3136.0,3140.0,3130.0,3140.0,-21.907563523041315,0,ok,10
chb08,chb08_13.edf,3140.0,3144.0,3134.0,3144.0,-21.321017430686428,0,ok,10
chb08,chb08_13.edf,3144.0,3148.0,3138.0,3148.0,-26.066384592137023,0,ok,10
chb08,chb08_13.edf,3148.0,3152.0,3142.0,3152.0,-19.212530146597974,0,ok,10
chb08,chb08_13.edf,3152.0,3156.0,3146.0,3156.0,-14.875982079322213,0,ok,10
chb08,chb08_13.edf,3156.0,3160.0,3150.0,3160.0,-14.865459974007782,0,ok,10
chb08,chb08_13.edf,3160.0,3164.0,3154.0,3164.0,-20.251259922532178,0,ok,10
chb08,chb08_13.edf,3164.0,3168.0,3158.0,3168.0,-23.989594514512266,0,ok,10
chb08,chb08_13.edf,3168.0,3172.0,3162.0,3172.0,-15.945504719151398,0,ok,10
chb08,chb08_13.edf,3172.0,3176.0,3166.0,3176.0,-15.48845182413487,0,ok,10
chb08,chb08_13.edf,3176.0,3180.0,3170.0,3180.0,-22.25662976152995,0,ok,10
chb08,chb08_13.edf,3180.0,3184.0,3174.0,3184.0,-11.530238480087359,0,ok,10
chb08,chb08_13.edf,3184.0,3188.0,3178.0,3188.0,-14.99782848044731,0,ok,10
chb08,chb08_13.edf,3188.0,3192.0,3182.0,3192.0,-14.176863471821672,0,ok,10
chb08,chb08_13.edf,3192.0,3196.0,3186.0,3196.0,-17.284558650234217,0,ok,10
chb08,chb08_13.edf,3196.0,3200.0,3190.0,3200.0,-15.458138206983653,0,ok,10
chb08,chb08_13.edf,3200.0,3204.0,3194.0,3204.0,-12.347613818523756,0,ok,10
chb08,chb08_13.edf,3204.0,3208.0,3198.0,3208.0,-13.641195978564383,0,ok,10
chb08,chb08_13.edf,3208.0,3212.0,3202.0,3212.0,-19.56474423786064,0,ok,10
chb08,chb08_13.edf,3212.0,3216.0,3206.0,3216.0,-21.077204240453387,0,ok,10
chb08,chb08_13.edf,3216.0,3220.0,3210.0,3220.0,-9.950983243048329,0,ok,10
chb08,chb08_13.edf,3220.0,3224.0,3214.0,3224.0,-22.36321289969955,0,ok,10
chb08,chb08_13.edf,3224.0,3228.0,3218.0,3228.0,-17.544904032644304,0,ok,10
chb08,chb08_13.edf,3228.0,3232.0,3222.0,3232.0,-12.866993149332615,0,ok,10
chb08,chb08_13.edf,3232.0,3236.0,3226.0,3236.0,-15.797784919994802,0,ok,10
chb08,chb08_13.edf,3236.0,3240.0,3230.0,3240.0,-17.58657847022493,0,ok,10
chb08,chb08_13.edf,3240.0,3244.0,3234.0,3244.0,-13.459914435841265,0,ok,10
chb08,chb08_13.edf,3244.0,3248.0,3238.0,3248.0,-15.31443863588446,0,ok,10
chb08,chb08_13.edf,3248.0,3252.0,3242.0,3252.0,-14.451711119419542,0,ok,10
chb08,chb08_13.edf,3252.0,3256.0,3246.0,3256.0,-17.790361904639276,0,ok,10
chb08,chb08_13.edf,3256.0,3260.0,3250.0,3260.0,-15.151803106126788,0,ok,10
chb08,chb08_13.edf,3260.0,3264.0,3254.0,3264.0,-11.92442461039148,0,ok,10
chb08,chb08_13.edf,3264.0,3268.0,3258.0,3268.0,-13.379300686632387,0,ok,10
chb08,chb08_13.edf,3268.0,3272.0,3262.0,3272.0,-15.639087716011423,0,ok,10
chb08,chb08_13.edf,3272.0,3276.0,3266.0,3276.0,-16.339014152234245,0,ok,10
chb08,chb08_13.edf,3276.0,3280.0,3270.0,3280.0,-16.92588786236771,0,ok,10
chb08,chb08_13.edf,3280.0,3284.0,3274.0,3284.0,-14.749757288559504,0,ok,10
chb08,chb08_13.edf,3284.0,3288.0,3278.0,3288.0,-22.703983400431262,0,ok,10
chb08,chb08_13.edf,3288.0,3292.0,3282.0,3292.0,-21.705176620048498,0,ok,10
chb08,chb08_13.edf,3292.0,3296.0,3286.0,3296.0,-21.82196662832216,0,ok,10
chb08,chb08_13.edf,3296.0,3300.0,3290.0,3300.0,-17.711629527804707,0,ok,10
chb08,chb08_13.edf,3300.0,3304.0,3294.0,3304.0,-22.820932416191884,0,ok,10
chb08,chb08_13.edf,3304.0,3308.0,3298.0,3308.0,-22.475704376606394,0,ok,10
chb08,chb08_13.edf,3308.0,3312.0,3302.0,3312.0,-16.48531555688229,0,ok,10
chb08,chb08_13.edf,3312.0,3316.0,3306.0,3316.0,-16.529154735693236,0,ok,10
chb08,chb08_13.edf,3316.0,3320.0,3310.0,3320.0,-10.40918352514625,0,ok,10
chb08,chb08_13.edf,3320.0,3324.0,3314.0,3324.0,-10.225944023019672,0,ok,10
chb08,chb08_13.edf,3324.0,3328.0,3318.0,3328.0,-15.286799409720356,0,ok,10
chb08,chb08_13.edf,3328.0,3332.0,3322.0,3332.0,-19.277260217900714,0,ok,10
chb08,chb08_13.edf,3332.0,3336.0,3326.0,3336.0,-18.938304479535184,0,ok,10
chb08,chb08_13.edf,3336.0,3340.0,3330.0,3340.0,-13.140043065615691,0,ok,10
chb08,chb08_13.edf,3340.0,3344.0,3334.0,3344.0,-13.858905906075282,0,ok,10
chb08,chb08_13.edf,3344.0,3348.0,3338.0,3348.0,-12.779583551518597,0,ok,10
chb08,chb08_13.edf,3348.0,3352.0,3342.0,3352.0,-20.118732498921954,0,ok,10
chb08,chb08_13.edf,3352.0,3356.0,3346.0,3356.0,-13.052728335482945,0,ok,10
chb08,chb08_13.edf,3356.0,3360.0,3350.0,3360.0,-17.302550349059178,0,ok,10
chb08,chb08_13.edf,3360.0,3364.0,3354.0,3364.0,-16.185930462595106,0,ok,10
chb08,chb08_13.edf,3364.0,3368.0,3358.0,3368.0,-18.53178015814523,0,ok,10
chb08,chb08_13.edf,3368.0,3372.0,3362.0,3372.0,-19.31552438293481,0,ok,10
chb08,chb08_13.edf,3372.0,3376.0,3366.0,3376.0,-22.421493749492548,0,ok,10
chb08,chb08_13.edf,3376.0,3380.0,3370.0,3380.0,-18.713003792526717,0,ok,10
chb08,chb08_13.edf,3380.0,3384.0,3374.0,3384.0,-19.42065669380429,0,ok,10
chb08,chb08_13.edf,3384.0,3388.0,3378.0,3388.0,-15.383465276947822,0,ok,10
chb08,chb08_13.edf,3388.0,3392.0,3382.0,3392.0,-20.25288320915066,0,ok,10
chb08,chb08_13.edf,3392.0,3396.0,3386.0,3396.0,-20.182212924392054,0,ok,10
chb08,chb08_13.edf,3396.0,3400.0,3390.0,3400.0,-15.68637217275861,0,ok,10
chb08,chb08_13.edf,3400.0,3404.0,3394.0,3404.0,-18.562095663564694,0,ok,10
chb08,chb08_13.edf,3404.0,3408.0,3398.0,3408.0,-21.12639374061287,0,ok,10
chb08,chb08_13.edf,3408.0,3412.0,3402.0,3412.0,-15.408807304306373,0,ok,10
chb08,chb08_13.edf,3412.0,3416.0,3406.0,3416.0,-17.83072701940548,0,ok,10
chb08,chb08_13.edf,3416.0,3420.0,3410.0,3420.0,-23.90177555100494,0,ok,10
chb08,chb08_13.edf,3420.0,3424.0,3414.0,3424.0,-22.523093383808238,0,ok,10
chb08,chb08_13.edf,3424.0,3428.0,3418.0,3428.0,-15.005162930185907,0,ok,10
chb08,chb08_13.edf,3428.0,3432.0,3422.0,3432.0,-17.18729921061174,0,ok,10
chb08,chb08_13.edf,3432.0,3436.0,3426.0,3436.0,-23.798282877998396,0,ok,10
chb08,chb08_13.edf,3436.0,3440.0,3430.0,3440.0,-15.217480159639715,0,ok,10
chb08,chb08_13.edf,3440.0,3444.0,3434.0,3444.0,-16.32384419323271,0,ok,10
chb08,chb08_13.edf,3444.0,3448.0,3438.0,3448.0,-16.74524051140579,0,ok,10
chb08,chb08_13.edf,3448.0,3452.0,3442.0,3452.0,-15.577282880964834,0,ok,10
chb08,chb08_13.edf,3452.0,3456.0,3446.0,3456.0,-15.287713253544606,0,ok,10
chb08,chb08_13.edf,3456.0,3460.0,3450.0,3460.0,-18.201995298062194,0,ok,10
chb08,chb08_13.edf,3460.0,3464.0,3454.0,3464.0,-16.67052907788824,0,ok,10
chb08,chb08_13.edf,3464.0,3468.0,3458.0,3468.0,-13.962883329891136,0,ok,10
chb08,chb08_13.edf,3468.0,3472.0,3462.0,3472.0,-18.28949278493266,0,ok,10
chb08,chb08_13.edf,3472.0,3476.0,3466.0,3476.0,-13.84130060241579,0,ok,10
chb08,chb08_13.edf,3476.0,3480.0,3470.0,3480.0,-17.087895848010902,0,ok,10
chb08,chb08_13.edf,3480.0,3484.0,3474.0,3484.0,-14.4169881261841,0,ok,10
chb08,chb08_13.edf,3484.0,3488.0,3478.0,3488.0,-16.118239465355536,0,ok,10
chb08,chb08_13.edf,3488.0,3492.0,3482.0,3492.0,-13.187426255350962,0,ok,10
chb08,chb08_13.edf,3492.0,3496.0,3486.0,3496.0,-13.439692948050624,0,ok,10
chb08,chb08_13.edf,3496.0,3500.0,3490.0,3500.0,-18.30304143956867,0,ok,10
chb08,chb08_13.edf,3500.0,3504.0,3494.0,3504.0,-21.55716619216296,0,ok,10
chb08,chb08_13.edf,3504.0,3508.0,3498.0,3508.0,-14.357452592009514,0,ok,10
chb08,chb08_13.edf,3508.0,3512.0,3502.0,3512.0,-12.889912345739315,0,ok,10
chb08,chb08_13.edf,3512.0,3516.0,3506.0,3516.0,-21.35404490293916,0,ok,10
chb08,chb08_13.edf,3516.0,3520.0,3510.0,3520.0,-15.1737530791444,0,ok,10
chb08,chb08_13.edf,3520.0,3524.0,3514.0,3524.0,-16.595042217803588,0,ok,10
chb08,chb08_13.edf,3524.0,3528.0,3518.0,3528.0,-19.099839981825646,0,ok,10
chb08,chb08_13.edf,3528.0,3532.0,3522.0,3532.0,-17.303078613152188,0,ok,10
chb08,chb08_13.edf,3532.0,3536.0,3526.0,3536.0,-21.031245937350132,0,ok,10
chb08,chb08_13.edf,3536.0,3540.0,3530.0,3540.0,-15.171765713234606,0,ok,10
chb08,chb08_13.edf,3540.0,3544.0,3534.0,3544.0,-14.30323982790803,0,ok,10
chb08,chb08_13.edf,3544.0,3548.0,3538.0,3548.0,-16.621507359181702,0,ok,10
chb08,chb08_13.edf,3548.0,3552.0,3542.0,3552.0,-21.829342215693547,0,ok,10
chb08,chb08_13.edf,3552.0,3556.0,3546.0,3556.0,-12.199531740054132,0,ok,10
chb08,chb08_13.edf,3556.0,3560.0,3550.0,3560.0,-18.238755576852917,0,ok,10
chb08,chb08_13.edf,3560.0,3564.0,3554.0,3564.0,-16.023622062456834,0,ok,10
chb08,chb08_13.edf,3564.0,3568.0,3558.0,3568.0,-13.003685410217212,0,ok,10
chb08,chb08_13.edf,3568.0,3572.0,3562.0,3572.0,-26.239660182211377,0,ok,10
chb08,chb08_13.edf,3572.0,3576.0,3566.0,3576.0,-17.171785876626867,0,ok,10
chb08,chb08_13.edf,3576.0,3580.0,3570.0,3580.0,-16.781902384562237,0,ok,10
chb08,chb08_13.edf,3580.0,3584.0,3574.0,3584.0,-14.520254039493588,0,ok,10
chb08,chb08_13.edf,3584.0,3588.0,3578.0,3588.0,-14.81115250275658,0,ok,10
chb08,chb08_13.edf,3588.0,3592.0,3582.0,3592.0,-16.96770501077586,0,ok,10
chb08,chb08_13.edf,3592.0,3596.0,3586.0,3596.0,-18.586416626519412,0,ok,10
chb08,chb08_13.edf,3596.0,3600.0,3590.0,3600.0,-19.619764522325028,0,ok,10
