patient,file,start_sec,end_sec,label,model,drive,noise_intensity,substeps,trials,valid_trials,invalid_trials,valid_fraction,coherence_median,coherence_sd,snr_mean,snr_valid_trials,snr_sd,events_mean,clipped_fraction_max
chb01,chb01_03.edf,0.0,4.0,0,bistable_driven_regularity,eeg_component,0.0,1,3,0,3,0.0,,,9.987829738241324,3,0.0,0.0,0.0
chb01,chb01_03.edf,0.0,4.0,0,bistable_driven_regularity,eeg_component,0.0,2,3,0,3,0.0,,,9.98783066670718,3,0.0,0.0,0.0
chb01,chb01_03.edf,0.0,4.0,0,bistable_driven_regularity,eeg_component,0.1,1,3,0,3,0.0,,,4.249038429955845,3,2.606968630423505,0.0,0.0
chb01,chb01_03.edf,0.0,4.0,0,bistable_driven_regularity,eeg_component,0.1,2,3,0,3,0.0,,,-1.9498386903888687,3,4.671058273649843,0.0,0.0
chb01,chb01_03.edf,0.0,4.0,0,bistable_driven_regularity,eeg_component,0.5,1,3,0,3,0.0,,,3.6159819336704224,3,3.9981841868860535,1.6666666666666667,0.0
chb01,chb01_03.edf,0.0,4.0,0,bistable_driven_regularity,eeg_component,0.5,2,3,0,3,0.0,,,-1.700241261462313,3,3.4144530684918255,1.0,0.0
chb01,chb01_03.edf,0.0,4.0,0,bistable_driven_regularity,eeg_component,2.0,1,3,3,0,1.0,1.2833537733581977,0.42148527140841396,3.04326903130691,3,5.039291292974818,7.333333333333333,0.0
chb01,chb01_03.edf,0.0,4.0,0,bistable_driven_regularity,eeg_component,2.0,2,3,2,1,0.6666666666666666,1.0420355160784358,0.20132406907829062,-1.7468589035077589,3,3.487809670547177,4.666666666666667,0.0
chb01,chb01_03.edf,0.0,4.0,0,bistable_driven_regularity,no_external_drive,0.0,1,3,0,3,0.0,,,,0,,0.0,0.0
chb01,chb01_03.edf,0.0,4.0,0,bistable_driven_regularity,no_external_drive,0.0,2,3,0,3,0.0,,,,0,,0.0,0.0
chb01,chb01_03.edf,0.0,4.0,0,bistable_driven_regularity,no_external_drive,0.1,1,3,0,3,0.0,,,2.7740825444400024,3,5.669157631362177,0.0,0.0
chb01,chb01_03.edf,0.0,4.0,0,bistable_driven_regularity,no_external_drive,0.1,2,3,0,3,0.0,,,-1.657624273818322,3,3.969285595374137,0.0,0.0
chb01,chb01_03.edf,0.0,4.0,0,bistable_driven_regularity,no_external_drive,0.5,1,3,0,3,0.0,,,2.768430438680655,3,5.789605212935625,1.6666666666666667,0.0
chb01,chb01_03.edf,0.0,4.0,0,bistable_driven_regularity,no_external_drive,0.5,2,3,0,3,0.0,,,-1.6345796160183739,3,3.9398814132276274,1.0,0.0
chb01,chb01_03.edf,0.0,4.0,0,bistable_driven_regularity,no_external_drive,2.0,1,3,3,0,1.0,1.2833537733581977,0.42148527140841396,2.539997089787699,3,6.080614242544013,7.333333333333333,0.0
chb01,chb01_03.edf,0.0,4.0,0,bistable_driven_regularity,no_external_drive,2.0,2,3,2,1,0.6666666666666666,1.0420355160784358,0.20132406907829062,-1.746335741034245,3,4.033371488666196,4.666666666666667,0.0
chb01,chb01_03.edf,0.0,4.0,0,fhn_sde,eeg_component,0.0,1,3,0,3,0.0,,,9.9956607259383,3,0.0,0.0,0.0
chb01,chb01_03.edf,0.0,4.0,0,fhn_sde,eeg_component,0.0,2,3,0,3,0.0,,,9.99563450553232,3,0.0,0.0,0.0
chb01,chb01_03.edf,0.0,4.0,0,fhn_sde,eeg_component,0.1,1,3,1,2,0.3333333333333333,4.751757631882539,,6.279923432086214,3,1.3309794065789744,3.3333333333333335,0.0
chb01,chb01_03.edf,0.0,4.0,0,fhn_sde,eeg_component,0.1,2,3,3,0,1.0,1.5038912781605078,0.23096745393782458,-0.32617753578830766,3,2.1975272140310413,6.333333333333333,0.0
chb01,chb01_03.edf,0.0,4.0,0,fhn_sde,eeg_component,0.5,1,3,2,1,0.6666666666666666,2.001189492899202,1.5223002876113052,5.103542167188983,3,1.36393550165956,4.666666666666667,0.0
chb01,chb01_03.edf,0.0,4.0,0,fhn_sde,eeg_component,0.5,2,3,3,0,1.0,1.7690846551894726,1.5487963220040062,-1.5819598287382401,3,1.4080284183834622,5.0,0.0
chb01,chb01_03.edf,0.0,4.0,0,fhn_sde,eeg_component,2.0,1,3,3,0,1.0,3.0776183492713876,1.5098541731908657,4.591046180374045,3,1.3389461591746372,6.0,0.0
chb01,chb01_03.edf,0.0,4.0,0,fhn_sde,eeg_component,2.0,2,3,2,1,0.6666666666666666,2.8341444614209026,2.409855268471042,-2.159948590986954,3,2.407545909325133,4.666666666666667,0.0
chb01,chb01_03.edf,0.0,4.0,0,fhn_sde,no_external_drive,0.0,1,3,0,3,0.0,,,-1.0966149847321742,3,0.0,0.0,0.0
chb01,chb01_03.edf,0.0,4.0,0,fhn_sde,no_external_drive,0.0,2,3,0,3,0.0,,,-1.0966146032436788,3,0.0,0.0,0.0
chb01,chb01_03.edf,0.0,4.0,0,fhn_sde,no_external_drive,0.1,1,3,1,2,0.3333333333333333,4.751757631882539,,4.127403770142437,3,1.2537261431630902,3.3333333333333335,0.0
chb01,chb01_03.edf,0.0,4.0,0,fhn_sde,no_external_drive,0.1,2,3,3,0,1.0,1.512026306337941,0.23060262243403165,-2.838817247473507,3,3.4776375250614078,6.333333333333333,0.0
chb01,chb01_03.edf,0.0,4.0,0,fhn_sde,no_external_drive,0.5,1,3,2,1,0.6666666666666666,2.001189492899202,1.5223002876113052,4.1245567310078215,3,1.2497061133118685,4.666666666666667,0.0
chb01,chb01_03.edf,0.0,4.0,0,fhn_sde,no_external_drive,0.5,2,3,3,0,1.0,1.7690846551894726,1.4090594429718133,-2.794175063588464,3,3.517660636228249,5.333333333333333,0.0
chb01,chb01_03.edf,0.0,4.0,0,fhn_sde,no_external_drive,2.0,1,3,3,0,1.0,3.0776183492713876,1.5098541731908657,4.094879199031607,3,1.2669563995579447,6.0,0.0
chb01,chb01_03.edf,0.0,4.0,0,fhn_sde,no_external_drive,2.0,2,3,3,0,1.0,4.538169463434905,2.711061839807043,-2.7291673081365246,3,3.5624118053549934,5.0,0.0
chb01,chb01_03.edf,3000.0,3004.0,1,bistable_driven_regularity,eeg_component,0.0,1,3,0,3,0.0,,,12.591317526953837,3,0.0,0.0,0.0
chb01,chb01_03.edf,3000.0,3004.0,1,bistable_driven_regularity,eeg_component,0.0,2,3,0,3,0.0,,,12.59120979559282,3,0.0,0.0,0.0
chb01,chb01_03.edf,3000.0,3004.0,1,bistable_driven_regularity,eeg_component,0.1,1,3,0,3,0.0,,,-0.12441073667124962,3,4.392627790781893,0.0,0.0
chb01,chb01_03.edf,3000.0,3004.0,1,bistable_driven_regularity,eeg_component,0.1,2,3,0,3,0.0,,,-4.744744962209005,3,5.116821012055842,0.0,0.0
chb01,chb01_03.edf,3000.0,3004.0,1,bistable_driven_regularity,eeg_component,0.5,1,3,0,3,0.0,,,-1.938804074909824,3,5.353860923992669,0.0,0.0
chb01,chb01_03.edf,3000.0,3004.0,1,bistable_driven_regularity,eeg_component,0.5,2,3,0,3,0.0,,,-5.567375944086083,3,5.133305919144533,1.3333333333333333,0.0
chb01,chb01_03.edf,3000.0,3004.0,1,bistable_driven_regularity,eeg_component,2.0,1,3,0,3,0.0,,,-3.145389873109503,3,5.896816453122293,3.3333333333333335,0.0
chb01,chb01_03.edf,3000.0,3004.0,1,bistable_driven_regularity,eeg_component,2.0,2,3,1,2,0.3333333333333333,2.6364947765949567,,-6.152785305379453,3,5.749107759698337,4.0,0.0
chb01,chb01_03.edf,3000.0,3004.0,1,bistable_driven_regularity,no_external_drive,0.0,1,3,0,3,0.0,,,,0,,0.0,0.0
chb01,chb01_03.edf,3000.0,3004.0,1,bistable_driven_regularity,no_external_drive,0.0,2,3,0,3,0.0,,,,0,,0.0,0.0
chb01,chb01_03.edf,3000.0,3004.0,1,bistable_driven_regularity,no_external_drive,0.1,1,3,0,3,0.0,,,-4.158323339435261,3,6.96395631531786,0.0,0.0
chb01,chb01_03.edf,3000.0,3004.0,1,bistable_driven_regularity,no_external_drive,0.1,2,3,0,3,0.0,,,-6.458929529274745,3,6.131348795419742,0.0,0.0
chb01,chb01_03.edf,3000.0,3004.0,1,bistable_driven_regularity,no_external_drive,0.5,1,3,0,3,0.0,,,-3.9547820113940575,3,6.683582619811045,0.0,0.0
chb01,chb01_03.edf,3000.0,3004.0,1,bistable_driven_regularity,no_external_drive,0.5,2,3,0,3,0.0,,,-6.268792334074949,3,6.207182565030888,1.3333333333333333,0.0
chb01,chb01_03.edf,3000.0,3004.0,1,bistable_driven_regularity,no_external_drive,2.0,1,3,0,3,0.0,,,-4.210849566305818,3,6.652191402816135,4.0,0.0
chb01,chb01_03.edf,3000.0,3004.0,1,bistable_driven_regularity,no_external_drive,2.0,2,3,1,2,0.3333333333333333,2.6433596668467367,,-6.285268844928801,3,5.869339786240213,4.0,0.0
chb01,chb01_03.edf,3000.0,3004.0,1,fhn_sde,eeg_component,0.0,1,3,0,3,0.0,,,12.4153279563708,3,0.0,2.0,0.0
chb01,chb01_03.edf,3000.0,3004.0,1,fhn_sde,eeg_component,0.0,2,3,0,3,0.0,,,12.415926576033193,3,0.0,2.0,0.0
chb01,chb01_03.edf,3000.0,3004.0,1,fhn_sde,eeg_component,0.1,1,3,2,1,0.6666666666666666,6.274064801660337,0.8096254428521968,-5.055112172369784,3,5.626627617334086,4.333333333333333,0.0
chb01,chb01_03.edf,3000.0,3004.0,1,fhn_sde,eeg_component,0.1,2,3,2,1,0.6666666666666666,1.5712978491172964,0.6318722382534446,-3.497799347813866,3,0.2990855884783836,4.333333333333333,0.0
chb01,chb01_03.edf,3000.0,3004.0,1,fhn_sde,eeg_component,0.5,1,3,2,1,0.6666666666666666,3.136908389817772,1.2422246733140994,-6.853075042433314,3,6.282025427675212,4.333333333333333,0.0
chb01,chb01_03.edf,3000.0,3004.0,1,fhn_sde,eeg_component,0.5,2,3,3,0,1.0,1.7064915403178866,0.4016530256689405,-6.845155945355104,3,1.0934721877085585,5.0,0.0
chb01,chb01_03.edf,3000.0,3004.0,1,fhn_sde,eeg_component,2.0,1,3,3,0,1.0,5.686259760600064,7.177554515263284,-3.7978752502868396,3,6.078253742102887,4.666666666666667,0.0
chb01,chb01_03.edf,3000.0,3004.0,1,fhn_sde,eeg_component,2.0,2,3,2,1,0.6666666666666666,1.9894433450888918,0.17617518678119273,-8.595276163809244,3,1.7115063361298781,5.666666666666667,0.0
chb01,chb01_03.edf,3000.0,3004.0,1,fhn_sde,no_external_drive,0.0,1,3,0,3,0.0,,,-24.3049787530262,3,0.0,0.0,0.0
chb01,chb01_03.edf,3000.0,3004.0,1,fhn_sde,no_external_drive,0.0,2,3,0,3,0.0,,,-24.304187586635333,3,4.351167857633658e-15,0.0,0.0
chb01,chb01_03.edf,3000.0,3004.0,1,fhn_sde,no_external_drive,0.1,1,3,2,1,0.6666666666666666,11.000921356766863,6.848801806917264,-3.7485917317826143,3,3.825367637351173,4.666666666666667,0.0
chb01,chb01_03.edf,3000.0,3004.0,1,fhn_sde,no_external_drive,0.1,2,3,2,1,0.6666666666666666,1.553784593934036,0.6767283204769727,-9.884711811823566,3,1.8112675877258235,4.0,0.0
chb01,chb01_03.edf,3000.0,3004.0,1,fhn_sde,no_external_drive,0.5,1,3,2,1,0.6666666666666666,3.136908389817772,1.2422246733140994,-4.480333155794738,3,3.4518394262957415,4.333333333333333,0.0
chb01,chb01_03.edf,3000.0,3004.0,1,fhn_sde,no_external_drive,0.5,2,3,3,0,1.0,1.753647283388935,0.4447345856650877,-9.848462132548567,3,1.9923161374168576,5.333333333333333,0.0
chb01,chb01_03.edf,3000.0,3004.0,1,fhn_sde,no_external_drive,2.0,1,3,3,0,1.0,5.686259760600064,7.177554515263284,-2.55749932247096,3,5.014336946869991,4.666666666666667,0.0
chb01,chb01_03.edf,3000.0,3004.0,1,fhn_sde,no_external_drive,2.0,2,3,2,1,0.6666666666666666,1.9456357771803436,0.11422193011034362,-9.807751143288362,3,2.4018186986873418,5.666666666666667,0.0
chb02,chb02_16+.edf,0.0,4.0,0,bistable_driven_regularity,eeg_component,0.0,1,3,0,3,0.0,,,14.25681675413738,3,0.0,0.0,0.0
chb02,chb02_16+.edf,0.0,4.0,0,bistable_driven_regularity,eeg_component,0.0,2,3,0,3,0.0,,,14.256813962561537,3,0.0,0.0,0.0
chb02,chb02_16+.edf,0.0,4.0,0,bistable_driven_regularity,eeg_component,0.1,1,3,0,3,0.0,,,-2.143477082999912,3,5.8713433558725985,0.0,0.0
chb02,chb02_16+.edf,0.0,4.0,0,bistable_driven_regularity,eeg_component,0.1,2,3,0,3,0.0,,,1.5987657412493521,3,4.35300250906105,0.0,0.0
chb02,chb02_16+.edf,0.0,4.0,0,bistable_driven_regularity,eeg_component,0.5,1,3,0,3,0.0,,,-3.3967566009591903,3,10.011567204977288,0.6666666666666666,0.0
chb02,chb02_16+.edf,0.0,4.0,0,bistable_driven_regularity,eeg_component,0.5,2,3,0,3,0.0,,,1.1009034942702842,3,3.867475744173441,0.6666666666666666,0.0
chb02,chb02_16+.edf,0.0,4.0,0,bistable_driven_regularity,eeg_component,2.0,1,3,0,3,0.0,,,-4.067485112030369,3,11.937325546672186,3.0,0.0
chb02,chb02_16+.edf,0.0,4.0,0,bistable_driven_regularity,eeg_component,2.0,2,3,0,3,0.0,,,0.9757344776650129,3,3.7574032906593313,2.0,0.0
chb02,chb02_16+.edf,0.0,4.0,0,bistable_driven_regularity,no_external_drive,0.0,1,3,0,3,0.0,,,,0,,0.0,0.0
chb02,chb02_16+.edf,0.0,4.0,0,bistable_driven_regularity,no_external_drive,0.0,2,3,0,3,0.0,,,,0,,0.0,0.0
chb02,chb02_16+.edf,0.0,4.0,0,bistable_driven_regularity,no_external_drive,0.1,1,3,0,3,0.0,,,-1.9429506276325779,3,9.014467633346737,0.0,0.0
chb02,chb02_16+.edf,0.0,4.0,0,bistable_driven_regularity,no_external_drive,0.1,2,3,0,3,0.0,,,0.8150251389337888,3,4.079378454420526,0.0,0.0
chb02,chb02_16+.edf,0.0,4.0,0,bistable_driven_regularity,no_external_drive,0.5,1,3,0,3,0.0,,,-2.0288754855519744,3,9.167344911554233,0.6666666666666666,0.0
chb02,chb02_16+.edf,0.0,4.0,0,bistable_driven_regularity,no_external_drive,0.5,2,3,0,3,0.0,,,0.7781617186859634,3,4.0333784282715275,0.6666666666666666,0.0
chb02,chb02_16+.edf,0.0,4.0,0,bistable_driven_regularity,no_external_drive,2.0,1,3,0,3,0.0,,,-2.595694853745655,3,10.145112762596039,3.0,0.0
chb02,chb02_16+.edf,0.0,4.0,0,bistable_driven_regularity,no_external_drive,2.0,2,3,0,3,0.0,,,0.8057280991120591,3,3.974095664925558,2.0,0.0
chb02,chb02_16+.edf,0.0,4.0,0,fhn_sde,eeg_component,0.0,1,3,3,0,1.0,136.47160876900367,0.0,14.251319268590715,3,0.0,4.0,0.0
chb02,chb02_16+.edf,0.0,4.0,0,fhn_sde,eeg_component,0.0,2,3,3,0,1.0,136.47160876900367,0.0,14.251311191348881,3,0.0,4.0,0.0
chb02,chb02_16+.edf,0.0,4.0,0,fhn_sde,eeg_component,0.1,1,3,3,0,1.0,0.9447289782711243,0.2576418925312229,-0.25863122466584176,3,7.658878472997288,6.0,0.0
chb02,chb02_16+.edf,0.0,4.0,0,fhn_sde,eeg_component,0.1,2,3,3,0,1.0,1.6698921634040849,3.0567332809509007,-4.129230291939694,3,7.063807541695067,4.666666666666667,0.0
chb02,chb02_16+.edf,0.0,4.0,0,fhn_sde,eeg_component,0.5,1,3,3,0,1.0,1.2476472821919817,3.5221400292363354,-2.2880379326194604,3,7.104548691696885,5.333333333333333,0.0
chb02,chb02_16+.edf,0.0,4.0,0,fhn_sde,eeg_component,0.5,2,3,3,0,1.0,2.606012132693108,1.1508314632386958,-8.583411119485804,3,12.08931764205457,5.0,0.0
chb02,chb02_16+.edf,0.0,4.0,0,fhn_sde,eeg_component,2.0,1,3,2,1,0.6666666666666666,5.119018144178146,2.946659549012778,-1.433437440348463,3,3.7050148664358455,4.0,0.0
chb02,chb02_16+.edf,0.0,4.0,0,fhn_sde,eeg_component,2.0,2,3,2,1,0.6666666666666666,1.4971193625152759,0.4676591534168928,-4.80952446497919,3,6.7745544712513555,4.0,0.0
chb02,chb02_16+.edf,0.0,4.0,0,fhn_sde,no_external_drive,0.0,1,3,0,3,0.0,,,-0.5670379183563145,3,0.0,0.0,0.0
chb02,chb02_16+.edf,0.0,4.0,0,fhn_sde,no_external_drive,0.0,2,3,0,3,0.0,,,-0.5670378174600146,3,0.0,0.0,0.0
chb02,chb02_16+.edf,0.0,4.0,0,fhn_sde,no_external_drive,0.1,1,3,3,0,1.0,0.8869114539836145,0.26334785806981154,-1.1655347658150264,3,1.8990351581032858,6.333333333333333,0.0
chb02,chb02_16+.edf,0.0,4.0,0,fhn_sde,no_external_drive,0.1,2,3,3,0,1.0,1.991442831968951,2.9694241071968923,-2.996084365214888,3,4.571523036577149,5.0,0.0
chb02,chb02_16+.edf,0.0,4.0,0,fhn_sde,no_external_drive,0.5,1,3,3,0,1.0,1.2476472821919817,3.5221400292363354,-1.1753416397224512,3,1.910887181009523,5.333333333333333,0.0
chb02,chb02_16+.edf,0.0,4.0,0,fhn_sde,no_external_drive,0.5,2,3,3,0,1.0,2.606012132693108,1.1508314632386958,-2.9138036103051466,3,4.5228109933586,5.0,0.0
chb02,chb02_16+.edf,0.0,4.0,0,fhn_sde,no_external_drive,2.0,1,3,2,1,0.6666666666666666,5.119018144178146,2.946659549012778,-1.2089791764542823,3,1.9186956108728175,4.0,0.0
chb02,chb02_16+.edf,0.0,4.0,0,fhn_sde,no_external_drive,2.0,2,3,2,1,0.6666666666666666,1.4971193625152759,0.4676591534168928,-2.8627382398786456,3,4.3865262037443955,4.0,0.0
chb02,chb02_16+.edf,2980.0,2984.0,1,bistable_driven_regularity,eeg_component,0.0,1,3,0,3,0.0,,,10.035410993206469,3,0.0,0.0,0.0
chb02,chb02_16+.edf,2980.0,2984.0,1,bistable_driven_regularity,eeg_component,0.0,2,3,0,3,0.0,,,10.03532802336873,3,0.0,0.0,0.0
chb02,chb02_16+.edf,2980.0,2984.0,1,bistable_driven_regularity,eeg_component,0.1,1,3,0,3,0.0,,,-3.9585457563999396,3,3.517153541646469,0.0,0.0
chb02,chb02_16+.edf,2980.0,2984.0,1,bistable_driven_regularity,eeg_component,0.1,2,3,0,3,0.0,,,-8.253381166236117,3,4.188162187280751,0.0,0.0
chb02,chb02_16+.edf,2980.0,2984.0,1,bistable_driven_regularity,eeg_component,0.5,1,3,0,3,0.0,,,-6.112554763882464,3,1.9622327878196195,1.0,0.0
chb02,chb02_16+.edf,2980.0,2984.0,1,bistable_driven_regularity,eeg_component,0.5,2,3,0,3,0.0,,,-8.873581637504154,3,1.1968403521994495,0.3333333333333333,0.0
chb02,chb02_16+.edf,2980.0,2984.0,1,bistable_driven_regularity,eeg_component,2.0,1,3,1,2,0.3333333333333333,1.624193601881135,,-5.579658660448092,3,3.242606962557395,3.6666666666666665,0.0
chb02,chb02_16+.edf,2980.0,2984.0,1,bistable_driven_regularity,eeg_component,2.0,2,3,0,3,0.0,,,-8.526386711352572,3,0.0955423294309156,2.3333333333333335,0.0
chb02,chb02_16+.edf,2980.0,2984.0,1,bistable_driven_regularity,no_external_drive,0.0,1,3,0,3,0.0,,,,0,,0.0,0.0
chb02,chb02_16+.edf,2980.0,2984.0,1,bistable_driven_regularity,no_external_drive,0.0,2,3,0,3,0.0,,,,0,,0.0,0.0
chb02,chb02_16+.edf,2980.0,2984.0,1,bistable_driven_regularity,no_external_drive,0.1,1,3,0,3,0.0,,,-5.791915689738604,3,5.0969993552548685,0.0,0.0
chb02,chb02_16+.edf,2980.0,2984.0,1,bistable_driven_regularity,no_external_drive,0.1,2,3,0,3,0.0,,,-6.128315617917703,3,1.4271632614294523,0.0,0.0
chb02,chb02_16+.edf,2980.0,2984.0,1,bistable_driven_regularity,no_external_drive,0.5,1,3,0,3,0.0,,,-7.087256758913505,3,3.7271965856163773,1.0,0.0
chb02,chb02_16+.edf,2980.0,2984.0,1,bistable_driven_regularity,no_external_drive,0.5,2,3,0,3,0.0,,,-7.653127911435489,3,3.0615297283558314,0.3333333333333333,0.0
chb02,chb02_16+.edf,2980.0,2984.0,1,bistable_driven_regularity,no_external_drive,2.0,1,3,1,2,0.3333333333333333,1.6222833881546683,,-5.789602037954315,3,3.3639345792019357,3.6666666666666665,0.0
chb02,chb02_16+.edf,2980.0,2984.0,1,bistable_driven_regularity,no_external_drive,2.0,2,3,0,3,0.0,,,-7.8117051005479565,3,1.4879584946657978,2.3333333333333335,0.0
chb02,chb02_16+.edf,2980.0,2984.0,1,fhn_sde,eeg_component,0.0,1,3,0,3,0.0,,,8.818120088256101,3,0.0,2.0,0.0
chb02,chb02_16+.edf,2980.0,2984.0,1,fhn_sde,eeg_component,0.0,2,3,0,3,0.0,,,8.81809890201549,3,0.0,2.0,0.0
chb02,chb02_16+.edf,2980.0,2984.0,1,fhn_sde,eeg_component,0.1,1,3,3,0,1.0,3.810035155712222,7.400604550695386,-4.825552249060455,3,5.424269187191128,5.333333333333333,0.0
chb02,chb02_16+.edf,2980.0,2984.0,1,fhn_sde,eeg_component,0.1,2,3,3,0,1.0,1.622418064103289,1.123623384648411,-5.459156436036231,3,5.4776768556233675,5.333333333333333,0.0
chb02,chb02_16+.edf,2980.0,2984.0,1,fhn_sde,eeg_component,0.5,1,3,2,1,0.6666666666666666,4.752967965660509,2.3268628234767634,-10.378175321224383,3,10.175609429079104,4.666666666666667,0.0
chb02,chb02_16+.edf,2980.0,2984.0,1,fhn_sde,eeg_component,0.5,2,3,3,0,1.0,2.1393219897352176,2.7409811293867157,-7.676098190664,3,3.10132530504825,5.666666666666667,0.0
chb02,chb02_16+.edf,2980.0,2984.0,1,fhn_sde,eeg_component,2.0,1,3,3,0,1.0,3.525268856847991,1.3192154643960043,-15.264826406655203,3,17.287862820570133,5.333333333333333,0.0
chb02,chb02_16+.edf,2980.0,2984.0,1,fhn_sde,eeg_component,2.0,2,3,3,0,1.0,1.7845227074651457,2.762449951233017,-8.6867437013482,3,1.8829829141513292,6.333333333333333,0.0
chb02,chb02_16+.edf,2980.0,2984.0,1,fhn_sde,no_external_drive,0.0,1,3,0,3,0.0,,,-34.28684086866537,3,0.0,0.0,0.0
chb02,chb02_16+.edf,2980.0,2984.0,1,fhn_sde,no_external_drive,0.0,2,3,0,3,0.0,,,-34.283670808803414,3,0.0,0.0,0.0
chb02,chb02_16+.edf,2980.0,2984.0,1,fhn_sde,no_external_drive,0.1,1,3,3,0,1.0,3.8865188004241387,8.274192023936413,-10.586946252163468,3,9.43354934905768,5.333333333333333,0.0
chb02,chb02_16+.edf,2980.0,2984.0,1,fhn_sde,no_external_drive,0.1,2,3,3,0,1.0,1.622418064103289,0.7920989366131785,-10.61193347174371,3,2.748758982659779,5.666666666666667,0.0
chb02,chb02_16+.edf,2980.0,2984.0,1,fhn_sde,no_external_drive,0.5,1,3,2,1,0.6666666666666666,4.752967965660509,2.3268628234767634,-10.681998479670975,3,9.551666104152142,4.666666666666667,0.0
chb02,chb02_16+.edf,2980.0,2984.0,1,fhn_sde,no_external_drive,0.5,2,3,3,0,1.0,2.1393219897352176,2.715443304481466,-10.396656281765983,3,3.0883048809034346,5.666666666666667,0.0
chb02,chb02_16+.edf,2980.0,2984.0,1,fhn_sde,no_external_drive,2.0,1,3,2,1,0.6666666666666666,3.716755116185543,0.27080246496325766,-10.416881173904796,3,8.786219404394664,5.0,0.0
chb02,chb02_16+.edf,2980.0,2984.0,1,fhn_sde,no_external_drive,2.0,2,3,3,0,1.0,1.7845227074651457,2.762449951233017,-10.407865108460948,3,2.923891366413828,6.333333333333333,0.0
chb08,chb08_21.edf,0.0,4.0,0,bistable_driven_regularity,eeg_component,0.0,1,3,0,3,0.0,,,11.46455637153226,3,0.0,0.0,0.0
chb08,chb08_21.edf,0.0,4.0,0,bistable_driven_regularity,eeg_component,0.0,2,3,0,3,0.0,,,11.463562777230038,3,0.0,0.0,0.0
chb08,chb08_21.edf,0.0,4.0,0,bistable_driven_regularity,eeg_component,0.1,1,3,0,3,0.0,,,-7.667083410707696,3,6.920239511518163,0.0,0.0
chb08,chb08_21.edf,0.0,4.0,0,bistable_driven_regularity,eeg_component,0.1,2,3,0,3,0.0,,,-10.702761265471523,3,8.09383182341347,0.0,0.0
chb08,chb08_21.edf,0.0,4.0,0,bistable_driven_regularity,eeg_component,0.5,1,3,0,3,0.0,,,-10.162396949403837,3,4.943409399784154,0.6666666666666666,0.0
chb08,chb08_21.edf,0.0,4.0,0,bistable_driven_regularity,eeg_component,0.5,2,3,0,3,0.0,,,-14.334809852459756,3,14.46426027611695,0.6666666666666666,0.0
chb08,chb08_21.edf,0.0,4.0,0,bistable_driven_regularity,eeg_component,2.0,1,3,0,3,0.0,,,-8.63373653935108,3,3.818249128323431,2.6666666666666665,0.0
chb08,chb08_21.edf,0.0,4.0,0,bistable_driven_regularity,eeg_component,2.0,2,3,0,3,0.0,,,-11.44432567026404,3,8.713668213255026,2.0,0.0
chb08,chb08_21.edf,0.0,4.0,0,bistable_driven_regularity,no_external_drive,0.0,1,3,0,3,0.0,,,,0,,0.0,0.0
chb08,chb08_21.edf,0.0,4.0,0,bistable_driven_regularity,no_external_drive,0.0,2,3,0,3,0.0,,,,0,,0.0,0.0
chb08,chb08_21.edf,0.0,4.0,0,bistable_driven_regularity,no_external_drive,0.1,1,3,0,3,0.0,,,-8.17274320549833,3,2.9756388726295464,0.0,0.0
chb08,chb08_21.edf,0.0,4.0,0,bistable_driven_regularity,no_external_drive,0.1,2,3,0,3,0.0,,,-11.487241383295853,3,12.404094981897295,0.0,0.0
chb08,chb08_21.edf,0.0,4.0,0,bistable_driven_regularity,no_external_drive,0.5,1,3,0,3,0.0,,,-10.30179097354222,3,3.218103434731388,0.6666666666666666,0.0
chb08,chb08_21.edf,0.0,4.0,0,bistable_driven_regularity,no_external_drive,0.5,2,3,0,3,0.0,,,-11.649954655265738,3,11.132775365601319,0.6666666666666666,0.0
chb08,chb08_21.edf,0.0,4.0,0,bistable_driven_regularity,no_external_drive,2.0,1,3,0,3,0.0,,,-8.776200210369845,3,2.7391995150958057,2.0,0.0
chb08,chb08_21.edf,0.0,4.0,0,bistable_driven_regularity,no_external_drive,2.0,2,3,0,3,0.0,,,-10.49698300237979,3,7.9907853499853525,2.0,0.0
chb08,chb08_21.edf,0.0,4.0,0,fhn_sde,eeg_component,0.0,1,3,0,3,0.0,,,3.4226136789093218,3,0.0,2.0,0.0
chb08,chb08_21.edf,0.0,4.0,0,fhn_sde,eeg_component,0.0,2,3,0,3,0.0,,,3.4206884850213775,3,5.438959822042073e-16,2.0,0.0
chb08,chb08_21.edf,0.0,4.0,0,fhn_sde,eeg_component,0.1,1,3,3,0,1.0,1.2567061133065383,0.6161891759525728,-6.242114704169496,3,12.099550318516595,5.666666666666667,0.0
chb08,chb08_21.edf,0.0,4.0,0,fhn_sde,eeg_component,0.1,2,3,2,1,0.6666666666666666,3.5303934866622706,2.007908616873997,-7.283251251079361,3,1.9107887064186222,5.0,0.0
chb08,chb08_21.edf,0.0,4.0,0,fhn_sde,eeg_component,0.5,1,3,3,0,1.0,1.8406316770857982,4.362802964488526,-4.336370514454745,3,7.4604831272062535,6.333333333333333,0.0
chb08,chb08_21.edf,0.0,4.0,0,fhn_sde,eeg_component,0.5,2,3,3,0,1.0,1.7932303672264933,1.5709423517923367,-9.998172902392737,3,2.071078404965109,4.666666666666667,0.0
chb08,chb08_21.edf,0.0,4.0,0,fhn_sde,eeg_component,2.0,1,3,3,0,1.0,1.573948827087711,0.30364643366200667,-4.037190417931705,3,7.837689985337092,6.0,0.0
chb08,chb08_21.edf,0.0,4.0,0,fhn_sde,eeg_component,2.0,2,3,3,0,1.0,1.9355042980856254,0.4259502448937987,-7.920774805966264,3,1.3119077643817971,6.333333333333333,0.0
chb08,chb08_21.edf,0.0,4.0,0,fhn_sde,no_external_drive,0.0,1,3,0,3,0.0,,,-43.510378403707165,3,0.0,0.0,0.0
chb08,chb08_21.edf,0.0,4.0,0,fhn_sde,no_external_drive,0.0,2,3,0,3,0.0,,,-43.508675377633004,3,0.0,0.0,0.0
chb08,chb08_21.edf,0.0,4.0,0,fhn_sde,no_external_drive,0.1,1,3,2,1,0.6666666666666666,1.5922896728486478,0.5126366087227116,-4.80485180708706,3,6.165595719215482,5.333333333333333,0.0
chb08,chb08_21.edf,0.0,4.0,0,fhn_sde,no_external_drive,0.1,2,3,3,0,1.0,1.7828406772107503,1.8330892971412378,-10.285099729853451,3,5.134298314569831,5.666666666666667,0.0
chb08,chb08_21.edf,0.0,4.0,0,fhn_sde,no_external_drive,0.5,1,3,3,0,1.0,1.788701090873217,4.814217511780415,-5.044300622128307,3,8.615221809905277,6.333333333333333,0.0
chb08,chb08_21.edf,0.0,4.0,0,fhn_sde,no_external_drive,0.5,2,3,3,0,1.0,1.682346464798981,3.5081483645285765,-10.701398777423558,3,4.393104909208498,5.0,0.0
chb08,chb08_21.edf,0.0,4.0,0,fhn_sde,no_external_drive,2.0,1,3,3,0,1.0,1.4559270130077506,0.32440275975591465,-4.434166612778191,3,8.576930661318348,6.333333333333333,0.0
chb08,chb08_21.edf,0.0,4.0,0,fhn_sde,no_external_drive,2.0,2,3,3,0,1.0,1.9355042980856254,0.42875646403345397,-8.169034970385505,3,1.6836555663328079,6.333333333333333,0.0
chb08,chb08_21.edf,2140.0,2144.0,1,bistable_driven_regularity,eeg_component,0.0,1,3,0,3,0.0,,,2.881668063935026,3,0.0,0.0,0.0
chb08,chb08_21.edf,2140.0,2144.0,1,bistable_driven_regularity,eeg_component,0.0,2,3,0,3,0.0,,,2.879542266657966,3,5.438959822042073e-16,0.0,0.0
chb08,chb08_21.edf,2140.0,2144.0,1,bistable_driven_regularity,eeg_component,0.1,1,3,0,3,0.0,,,-10.453778225183958,3,9.412164416251976,0.0,0.0
chb08,chb08_21.edf,2140.0,2144.0,1,bistable_driven_regularity,eeg_component,0.1,2,3,0,3,0.0,,,0.9810973783916669,3,4.086227629980904,0.0,0.0
chb08,chb08_21.edf,2140.0,2144.0,1,bistable_driven_regularity,eeg_component,0.5,1,3,0,3,0.0,,,-9.907664831431296,3,8.782512411280198,1.6666666666666667,0.0
chb08,chb08_21.edf,2140.0,2144.0,1,bistable_driven_regularity,eeg_component,0.5,2,3,0,3,0.0,,,0.07975102251653521,3,5.8919404666044395,0.3333333333333333,0.0
chb08,chb08_21.edf,2140.0,2144.0,1,bistable_driven_regularity,eeg_component,2.0,1,3,1,2,0.3333333333333333,1.1431256865117156,,-7.6725685552681995,3,8.715511639444372,4.0,0.0
chb08,chb08_21.edf,2140.0,2144.0,1,bistable_driven_regularity,eeg_component,2.0,2,3,0,3,0.0,,,1.1291950516715412,3,4.944305336902891,2.3333333333333335,0.0
chb08,chb08_21.edf,2140.0,2144.0,1,bistable_driven_regularity,no_external_drive,0.0,1,3,0,3,0.0,,,,0,,0.0,0.0
chb08,chb08_21.edf,2140.0,2144.0,1,bistable_driven_regularity,no_external_drive,0.0,2,3,0,3,0.0,,,,0,,0.0,0.0
chb08,chb08_21.edf,2140.0,2144.0,1,bistable_driven_regularity,no_external_drive,0.1,1,3,0,3,0.0,,,-10.731614428746527,3,11.725881878380047,0.0,0.0
chb08,chb08_21.edf,2140.0,2144.0,1,bistable_driven_regularity,no_external_drive,0.1,2,3,0,3,0.0,,,1.2301871530441069,3,5.847779561684794,0.0,0.0
chb08,chb08_21.edf,2140.0,2144.0,1,bistable_driven_regularity,no_external_drive,0.5,1,3,0,3,0.0,,,-9.570588524975554,3,9.521492465909523,1.6666666666666667,0.0
chb08,chb08_21.edf,2140.0,2144.0,1,bistable_driven_regularity,no_external_drive,0.5,2,3,0,3,0.0,,,0.29067498878357334,3,6.539156676070115,0.3333333333333333,0.0
chb08,chb08_21.edf,2140.0,2144.0,1,bistable_driven_regularity,no_external_drive,2.0,1,3,0,3,0.0,,,-7.6554870417156735,3,9.528238088528024,3.3333333333333335,0.0
chb08,chb08_21.edf,2140.0,2144.0,1,bistable_driven_regularity,no_external_drive,2.0,2,3,0,3,0.0,,,1.243332080191845,3,5.268408155997045,2.3333333333333335,0.0
chb08,chb08_21.edf,2140.0,2144.0,1,fhn_sde,eeg_component,0.0,1,3,0,3,0.0,,,1.1128940181498743,3,0.0,1.0,0.0
chb08,chb08_21.edf,2140.0,2144.0,1,fhn_sde,eeg_component,0.0,2,3,0,3,0.0,,,1.1116525137413822,3,0.0,1.0,0.0
chb08,chb08_21.edf,2140.0,2144.0,1,fhn_sde,eeg_component,0.1,1,3,3,0,1.0,0.9715148587098338,0.12804252881961814,-5.689381333472565,3,4.720133339027968,5.0,0.0
chb08,chb08_21.edf,2140.0,2144.0,1,fhn_sde,eeg_component,0.1,2,3,1,2,0.3333333333333333,0.8854083354266331,,-4.197503736472478,3,12.030807259858538,3.3333333333333335,0.0
chb08,chb08_21.edf,2140.0,2144.0,1,fhn_sde,eeg_component,0.5,1,3,2,1,0.6666666666666666,1.5804280786889497,0.769469691405041,-4.788510380625705,3,0.6719850059364665,5.666666666666667,0.0
chb08,chb08_21.edf,2140.0,2144.0,1,fhn_sde,eeg_component,0.5,2,3,3,0,1.0,2.7066979605836226,1.641733452417764,-2.3816838090664794,3,7.575658020847444,4.666666666666667,0.0
chb08,chb08_21.edf,2140.0,2144.0,1,fhn_sde,eeg_component,2.0,1,3,3,0,1.0,1.5637460101523726,0.47327217321591536,-4.63375952294768,3,1.124110376863883,5.333333333333333,0.0
chb08,chb08_21.edf,2140.0,2144.0,1,fhn_sde,eeg_component,2.0,2,3,2,1,0.6666666666666666,3.281783107996328,1.3117649183306483,-2.1549190418479656,3,6.983113021330613,4.333333333333333,0.0
chb08,chb08_21.edf,2140.0,2144.0,1,fhn_sde,no_external_drive,0.0,1,3,0,3,0.0,,,-23.34000400874506,3,4.351167857633658e-15,0.0,0.0
chb08,chb08_21.edf,2140.0,2144.0,1,fhn_sde,no_external_drive,0.0,2,3,0,3,0.0,,,-23.338458312474533,3,0.0,0.0,0.0
chb08,chb08_21.edf,2140.0,2144.0,1,fhn_sde,no_external_drive,0.1,1,3,3,0,1.0,1.4952054967627446,0.48924771612631274,-3.2836353608325233,3,2.9940795738635138,6.666666666666667,0.0
chb08,chb08_21.edf,2140.0,2144.0,1,fhn_sde,no_external_drive,0.1,2,3,2,1,0.6666666666666666,2.486524983652836,2.449217046442295,-6.754638078930403,3,11.823453313801924,4.0,0.0
chb08,chb08_21.edf,2140.0,2144.0,1,fhn_sde,no_external_drive,0.5,1,3,3,0,1.0,1.8329850398991698,0.5632969695291564,-3.741402192415508,3,2.4498448843671015,6.333333333333333,0.0
chb08,chb08_21.edf,2140.0,2144.0,1,fhn_sde,no_external_drive,0.5,2,3,3,0,1.0,2.7066979605836226,1.628653035459027,-4.041731219465764,3,7.682929407195275,4.666666666666667,0.0
chb08,chb08_21.edf,2140.0,2144.0,1,fhn_sde,no_external_drive,2.0,1,3,3,0,1.0,1.3916313111350518,0.4677465294153456,-4.295603559981423,3,2.671948936584787,6.0,0.0
chb08,chb08_21.edf,2140.0,2144.0,1,fhn_sde,no_external_drive,2.0,2,3,2,1,0.6666666666666666,2.6383913029115735,0.40187150166008184,-3.050756027992725,3,7.237677556755536,4.333333333333333,0.0
