Noise_Intensity,Non_Seizure_SNR_dB,Non_Seizure_SNR_STD,Seizure_SNR_dB,Seizure_SNR_STD,Non_Seizure_Transitions,Seizure_Transitions
0.5,-8.722465231818395,4.166134649663319,-9.175084265230705,4.244272682057004,32.85,31.0
0.6,-6.08325512828966,3.9754779302212553,-8.277064838030753,3.782477322820382,26.35,32.15
0.7,-5.493925598760896,3.6050877199098963,-8.64457943669372,4.953482855271963,31.5,41.5
0.7999999999999999,-6.116609733953018,4.406606680503528,-9.218686375166955,4.503827965838636,48.05,33.45
0.8999999999999999,-7.042461766772767,3.3355544454325585,-7.3825157051406265,4.567265560538741,42.4,42.6
0.9999999999999999,-5.50511877473304,3.441378615563289,-6.959779016403037,3.5644113028184696,45.7,39.45
1.0999999999999999,-5.802215017031079,4.0462184499305724,-9.217076878171763,3.3092789944469536,47.4,46.05
1.1999999999999997,-5.338393849290254,3.1309638900516656,-9.236288032464373,3.6050854081768895,52.35,51.6
1.2999999999999998,-6.427823575841126,3.78372710279067,-7.088766119730719,2.991689657848706,57.3,50.45
1.4,-4.62780003273179,3.505196806121437,-7.744079131199794,3.221572398345426,59.2,49.65
1.4999999999999998,-4.992400423458279,2.9178677496111765,-8.293271539694118,4.3056020664841155,61.3,56.1
1.5999999999999996,-5.367937576681633,3.922340823411735,-7.725039737352195,4.247556667490042,57.5,59.7
1.6999999999999997,-4.099306023310452,3.6110990369013285,-8.567102645064645,3.844011252364628,49.9,49.8
1.7999999999999998,-4.94220645880125,3.590796377965266,-6.243554923771393,2.9125586162703576,57.3,65.6
1.8999999999999997,-5.486472402699446,2.932674401555148,-8.116063895692907,3.693082831125922,68.3,52.8
1.9999999999999996,-4.419029032836162,3.3551222880185807,-6.395461989846707,3.0152826784437536,61.55,62.0
2.0999999999999996,-4.418083219997908,4.104817054545615,-8.049240679444642,3.538491580196081,57.35,64.9
2.1999999999999997,-4.795645500403841,2.8053534267373337,-7.3796314327714665,3.6238745170114552,61.25,65.6
2.3,-4.874692160816496,2.7776505840064263,-9.101999929698206,3.1353669549739016,69.5,64.7
2.3999999999999995,-2.7000466154192546,3.3827703378555967,-7.418773664367899,3.79744865665391,60.1,68.8
2.4999999999999996,-4.766438168800347,4.372884278908994,-6.954000769501756,4.600740542781073,61.45,65.55
2.5999999999999996,-2.881708882167448,3.0909151985437027,-6.6414418262698955,3.1253047088739923,68.2,73.3
2.6999999999999993,-3.9172091452218156,4.081465051769806,-7.095215793760525,2.4063920541885078,69.3,71.8
2.7999999999999994,-3.7431159400542233,2.802729597963005,-6.042368844157176,4.375365814117336,76.8,70.85
2.8999999999999995,-3.7851722550561915,3.8848881757665743,-6.810961490793782,4.576918575425741,69.0,69.95
2.9999999999999996,-2.771329158965027,3.273340159006224,-6.067349641777561,2.138594938959823,70.85,78.8
3.0999999999999996,-3.878416466367028,3.2758697885029573,-7.970280947108298,4.039368384306215,80.3,75.0
3.1999999999999993,-3.8421583763872404,3.309480299140605,-8.045174411787158,4.045941847346195,72.05,71.95
3.2999999999999994,-3.8442379880763986,3.8188335740578463,-6.391042364509724,4.772638547157651,92.05,77.0
3.3999999999999995,-4.907763718363916,4.099708446646259,-6.929412236509059,3.0607340411014943,76.5,73.1
3.499999999999999,-4.309151740737892,2.404197272321104,-6.959577188857688,2.759971924135604,79.65,80.25
3.599999999999999,-2.3780598609605974,2.8010420857068916,-8.019056029549148,5.150605711611275,80.55,71.3
3.6999999999999993,-3.2617982298358923,3.3413274900271444,-9.020124398591431,4.888948205922538,79.5,77.9
3.7999999999999994,-3.740542450052442,3.9446466089408707,-5.78538781340295,3.492542430222837,76.35,90.65
3.8999999999999995,-3.5856916975024253,3.139427299721456,-6.661288130809252,2.825656167846204,84.2,83.65
3.999999999999999,-2.9990959715458936,2.9161819530936,-5.793459015695495,3.825733942875046,77.5,76.8
4.1,-3.2865104680446597,3.696693177033748,-6.652826501461135,2.2729749499285665,88.5,79.35
4.199999999999999,-3.167473580582758,4.495430312566344,-6.955812605259806,3.3232054084361504,92.05,91.45
4.299999999999999,-2.9066922512647837,3.918167313993329,-8.202115252127992,3.8874906399545015,84.9,81.2
4.399999999999999,-3.1906826486171935,3.711620601145543,-7.073741472306354,3.0842868306846785,87.0,86.1
4.499999999999999,-2.869568832463237,3.454685009877552,-6.971352347166324,3.882239316556881,70.3,92.6
4.599999999999999,-3.698823196807605,3.7329562484270724,-5.2964238580890575,3.885978466261211,82.25,98.25
4.699999999999999,-3.2635430916353476,3.124338720873692,-5.75845002407961,2.688864380000376,84.85,90.0
4.799999999999999,-2.578094740370688,3.8181372469323147,-6.188272173949182,2.27021843352241,79.35,82.6
4.899999999999999,-2.876755889689111,3.6160617325688347,-6.077939924533204,3.996418458033513,87.25,90.9
4.999999999999999,-1.3791220335713192,2.9861976029623016,-6.014267081336866,3.859985466713326,85.5,85.9
5.099999999999999,-2.035643340184531,2.863835239659215,-5.806385366924806,3.3336527810316716,103.3,89.6
5.199999999999999,-3.231612206257618,3.2521796121174757,-6.747356216716372,3.583960623189689,85.15,89.75
5.299999999999999,-2.0657645044805077,3.8435154359587385,-5.555477981890336,2.083491455287586,88.55,94.55
5.399999999999999,-1.470906388767105,2.320695226843058,-6.401884808391543,4.15380313760464,90.75,100.0
5.499999999999999,-1.6169422601843766,3.343198525637663,-7.394594195560399,4.294340131071327,99.1,87.25
5.599999999999999,-3.4459956707710644,2.6085267743265557,-6.515180731733885,3.5853366477035244,94.4,93.95
5.699999999999999,-3.41122953179399,3.1146288332625955,-5.832405434561209,4.16764579177369,89.9,88.4
5.799999999999999,-2.4087270145382664,3.131315079765564,-6.4925828309828,3.8723362786442794,103.2,88.45
5.899999999999999,-1.8687216025191913,3.0760315328265904,-6.065216192536338,4.417515661185356,93.25,94.75
5.999999999999999,-2.422978090369647,2.945453605008185,-6.173972516270178,2.6524879458315143,99.85,95.8
6.099999999999999,-3.0114206982855043,4.161721512875047,-6.093714174950918,4.082886261421684,91.4,99.7
6.199999999999998,-2.2947554002024124,2.6919074188098966,-7.690817233115851,3.799150679830713,95.85,94.7
6.299999999999999,-2.919253272179935,3.1250179263089186,-6.122237657033762,3.29503875248191,95.05,102.25
6.399999999999999,-1.9325707359890305,3.1099641228177592,-6.269171130886187,3.6891433441629675,102.3,95.4
6.499999999999998,-0.6137563365047793,3.6331159688571506,-6.003085634410086,3.76931783286568,105.5,101.5
6.599999999999999,-2.7969496052895946,2.3821841769464664,-6.006306939576616,3.175001880808135,99.95,96.25
6.699999999999998,-2.3130154639173535,3.494835382347186,-6.622475928644667,3.919469104488996,99.75,91.85
6.799999999999999,-3.370339619891348,3.801029613674157,-5.34359559946938,3.337303821590544,98.05,103.9
6.899999999999999,-2.8719343142479348,3.052821109485505,-5.056427870759479,3.530599411104308,98.2,102.85
6.999999999999998,-2.065371908165902,3.0625163034795455,-5.629358616430658,3.5074495793499123,104.75,105.65
7.099999999999999,-2.0515349756817165,2.7480446146471462,-5.787384053319715,2.406552244770152,106.15,92.4
7.199999999999998,-1.4844233314924176,3.5666312761198484,-5.968221090453607,3.6620137363251843,107.05,106.55
7.299999999999999,-2.261222129506778,3.0378791760275865,-6.660932524862444,3.4578495065333046,98.05,102.1
7.399999999999999,-1.5503142750870644,3.3295689917115414,-5.131593539422583,2.4206612843739372,94.1,102.5
7.499999999999998,-0.6881562317389397,2.7293431543953015,-6.4319640054243195,3.838481958896728,111.0,101.6
7.599999999999999,-2.419041972692372,3.9648134432728885,-5.909887296409595,2.7647873683166884,112.55,108.9
7.699999999999998,-2.8821599689561914,2.831653815116233,-5.940690493285715,3.0583637826464822,94.5,99.3
7.799999999999998,-1.4218729954068206,1.9850139545003398,-5.120879502697237,3.9524049874671126,103.4,104.1
7.899999999999999,-0.6000685305139314,2.4903896939218138,-7.141357127927067,2.934823478648598,109.85,109.5
7.999999999999998,-0.9871147949457418,2.799261147152587,-6.158399561096694,2.905492566315988,103.7,104.25
8.099999999999998,-2.1871564416093556,3.099851763435919,-4.465898665834387,3.168459962008855,105.45,105.5
8.2,-1.9158918532929534,3.5236678884304085,-6.2930680864405515,2.9376679760234197,111.8,106.55
8.299999999999997,-1.8590564985400637,3.0576413583465074,-5.30739523579584,2.9906604589284544,104.25,104.6
8.399999999999999,-1.4713405457067426,3.1764805637113573,-5.383037888125276,3.0394975580299435,114.2,105.9
8.499999999999998,-1.118991479665976,3.626788028376378,-5.003587742671433,3.7866097655250863,112.45,106.9
8.599999999999998,-0.7252766758530229,3.239030922213731,-5.9614299457587965,3.574727629595307,112.55,112.35
8.699999999999998,-1.6018175286942644,3.388723284451204,-5.912300771206798,3.8433350953284955,107.6,100.75
8.799999999999999,-1.759775825785018,3.169973614364581,-7.050330574334073,3.6928571849195975,105.3,102.65
8.899999999999999,-2.627061052477079,3.527315075951622,-4.878908557870257,3.2324678156951023,107.25,111.85
8.999999999999998,-0.12559961737227918,2.508387204713316,-4.61788158269445,2.83996332636163,112.7,111.95
9.099999999999998,-1.2276635441750405,3.0457305923624554,-5.1355709345131,4.207987688905624,114.05,113.2
9.199999999999998,-1.4447215254193213,2.113595246883947,-4.75572049680517,3.6028262284199264,106.55,116.95
9.299999999999997,-2.072095781638439,3.5955664023186293,-4.395715252489898,3.057633000738929,107.35,111.95
9.399999999999999,-1.6851887787490907,3.2116685960612017,-4.967352330164372,2.8169871668488353,118.95,118.45
9.499999999999998,-0.8535743603175705,2.5233252634911723,-4.747654987110784,3.3185167457524787,115.5,96.95
9.599999999999998,-1.312445879165828,3.974800053745188,-3.7187819851137704,3.2117113568016875,110.85,106.85
9.699999999999998,-1.5415567894360938,3.809369938541591,-3.3629227170919647,3.501323944467671,116.65,108.3
9.799999999999997,-1.173027360515476,2.6289057447487334,-4.477189701269268,3.178675169146743,116.25,110.15
9.899999999999999,-1.6149877418255705,2.6465244665781356,-3.954789739530284,2.702299451165145,108.15,115.75
9.999999999999998,-1.0439293273111492,3.1596441258517416,-5.433510734299472,2.80979946190045,115.0,122.9
10.099999999999998,-1.8289729704404665,2.618829868316206,-5.5905827216413995,4.369617680664945,111.75,113.85
10.199999999999998,-1.7388580561198925,2.462816640022497,-5.44432977280803,3.1137778051037457,117.4,107.6
10.299999999999997,-2.5854538698931373,3.05261010434293,-4.630936336388649,3.171779824002996,107.15,111.3
10.399999999999999,-0.8858488193006329,2.7882904286137684,-5.4616334735161916,3.7423014197831006,124.9,119.05
10.499999999999998,-1.4923392525408987,2.7218901317600808,-4.782255258473942,3.530292690722625,112.1,115.65
10.599999999999998,-1.5807123231369589,3.8295472050998414,-5.564704549771369,3.498416841477733,117.45,117.9
10.699999999999998,-0.07876486251149076,2.6993576606428022,-3.905274115968728,3.3948826243009167,115.95,114.85
10.799999999999997,-1.572611130689187,3.182598443907736,-5.52990481748637,3.6201192656690435,121.2,117.4
10.899999999999999,-1.204521271671711,2.8970830127280993,-4.477533777753928,3.033284038931494,120.35,121.05
10.999999999999998,-0.6853676933605624,2.896750960979908,-4.687417207505326,3.359391057765729,116.55,114.4
11.099999999999998,-0.5397500962750946,2.559646076272629,-5.858380222639179,3.8356601557099372,111.5,122.9
11.199999999999998,-1.9712287542860476,4.335818785864679,-4.182999597801228,3.0956883049532093,121.95,118.6
11.299999999999997,-1.7577684280912032,3.638743236912183,-4.766336654105011,3.913363510364099,122.15,117.4
11.399999999999997,-1.8803992945376458,3.103061668940683,-5.128940911460497,4.560875459689345,115.4,116.85
11.499999999999998,-0.3583482032706136,3.1221505605461304,-4.85952736625894,3.905228228846872,117.1,119.0
11.599999999999998,-0.2776127287872875,3.6639301464874654,-3.7771806263787733,3.0115255489865977,118.7,119.5
11.699999999999998,-0.21629692190011288,2.987860331049367,-4.096911545195535,4.1900183220843825,125.8,118.35
11.799999999999997,-0.30896900905812374,2.780531763513849,-4.938917543683473,3.332232798085029,123.15,121.8
11.899999999999997,-1.547723393640377,3.6090194367246777,-4.910840733482543,3.0348415865913547,124.15,119.0
11.999999999999998,-0.8429418458881841,2.8119132506604445,-3.820867477877877,2.882596957877798,127.75,121.15
12.099999999999998,-0.38586525559295215,2.5257846564457465,-4.107951123959767,4.433351576609352,126.4,122.65
12.199999999999998,-0.42635854676765783,3.680588905709428,-4.31658665044194,4.1890254283639266,129.15,116.15
12.299999999999997,-0.7297123507605147,2.73087815069063,-4.233902237929792,3.904447197358237,129.95,119.9
12.399999999999997,-0.6165577338061059,3.4105682935093538,-4.291543596278197,1.9936666670279442,115.25,121.3
12.499999999999996,-1.0568120232379279,2.970242236556322,-5.407384966036054,4.362181420926053,122.75,117.25
12.599999999999998,0.19808600191199233,3.4099623932011593,-4.766356096338415,5.7188141204899825,120.75,120.85
12.699999999999998,-1.0096864322881935,3.7260593709099608,-4.938295764002278,2.648634703877741,119.25,113.9
12.799999999999997,0.030630054315589843,3.1310755210963164,-3.980061338942118,3.1166685225474313,135.0,120.05
12.899999999999997,-0.2070181253305387,2.9120935822992284,-4.633115863800819,3.5095482369053244,124.85,127.55
12.999999999999996,-0.351395407310044,3.925564428071235,-3.6796889517319533,2.878921207424343,129.15,133.1
13.099999999999998,-1.2236907358428764,3.4388609929970255,-3.5963711792479662,3.2471078665919624,124.85,120.25
13.199999999999998,-0.5039122355700331,2.940653783600928,-4.915506909447083,3.6548674407233968,118.0,119.15
13.299999999999997,-0.21517434269787095,2.3573632451074764,-4.91895702704551,3.7949897960338608,121.35,125.05
13.399999999999997,-1.31061138052398,3.371582761247028,-3.253537727410804,2.5578585802267293,135.35,123.35
13.499999999999996,-0.6446330483343393,2.455973118688363,-3.9030344754569684,2.9350317750676047,128.55,127.85
13.599999999999998,-0.344278592140569,3.6250188469181235,-5.370437754962319,2.751807395629012,133.3,131.55
13.699999999999998,-0.03327124196967257,2.401444886611407,-3.638973793205653,3.0774382028676808,145.65,142.65
13.799999999999997,-0.7130300237536898,1.9122814331013946,-5.165841915188676,4.349272291996202,132.45,126.4
13.899999999999997,-0.913920904205793,2.8898684903766743,-5.297445997842105,4.68554831346705,127.65,128.8
13.999999999999996,-0.9883552334709073,3.341184308986165,-5.318242813425752,4.563874629420902,130.1,131.75
14.099999999999998,-0.912997359715602,3.622427441907826,-3.9367824277124703,3.980013836626726,131.95,136.0
14.199999999999998,0.09936369919518388,3.214508821149878,-5.672136711923017,4.489601740117006,131.9,127.75
14.299999999999997,0.7097211288197549,3.8647339643166907,-3.7431466414908114,4.075112372654651,133.2,128.35
14.399999999999997,-0.6521168847044975,3.05976083753093,-2.432326139500617,2.450774553064646,127.65,126.55
14.499999999999996,-0.47958734162344696,3.3690160825115862,-3.0981545226643945,3.2421890777430833,127.05,136.9
14.599999999999996,0.005517247393348223,2.7435711068943474,-3.8378934657114003,3.3944777449943517,131.85,119.95
14.699999999999998,-1.2733541801463757,3.1429696629811614,-4.490630687062942,2.483403647189495,125.2,135.25
14.799999999999997,0.04802734660405217,2.7753516599478756,-4.076396228668048,3.617595226324903,135.3,127.15
14.899999999999997,0.4187377258729875,3.7469082707988957,-4.233007511856801,3.42976928474736,132.45,132.4
14.999999999999996,-1.5391518689760282,4.5978485974709615,-4.016889758197632,3.7146686576194745,125.1,139.1
15.099999999999996,0.49312697456395826,3.300277734411243,-3.619773578042223,3.6806749996972563,130.85,135.05
15.199999999999998,-0.6164035469099994,3.734951792428791,-3.5685998209378775,3.49461885172176,131.35,127.55
15.299999999999997,-1.3174013239906115,4.233383312924926,-4.213015766313421,3.502711497864926,136.2,127.25
15.399999999999997,0.08005683833136112,3.3739392613877865,-4.4749003514864665,2.7242789390960205,137.0,128.9
15.499999999999996,-0.8354082338925071,3.427693307093629,-4.707768483845703,2.2951001344738606,137.45,126.1
15.599999999999996,-0.7423147758327703,2.493132469644041,-4.6033536161029325,4.2816846757326985,137.55,136.2
15.699999999999996,-0.6957907469677849,2.908922275836951,-4.711050951607394,2.66553081565782,125.6,131.95
15.799999999999997,-0.9350745035241628,3.1404062595784357,-3.430049614844468,3.5562690507571064,136.3,137.4
15.899999999999997,-0.2690911711009517,2.7975737557987754,-4.822768302191379,2.643614734097859,138.8,133.1
15.999999999999996,-0.9434965545579083,3.002142230799827,-3.3783988002498395,3.87836054504269,133.9,143.05
16.099999999999994,0.3471034984260012,2.8885672661324073,-3.668168605804117,2.9812909898979933,131.3,127.55
16.199999999999996,-0.2738469571627775,2.0864590365146647,-4.453889494442533,3.1263747118213217,143.5,135.5
16.299999999999997,-1.1919441533451802,3.385632862023628,-3.9290654036545964,2.9774702015820464,141.7,142.95
16.4,-1.8877058568743958,3.008243258577308,-3.2489675906772746,2.794844042795862,138.5,128.7
16.499999999999996,-1.3828314651779348,3.166915243161848,-3.782802793008643,3.5485754243477934,139.65,148.1
16.599999999999998,0.674385825371327,2.3146654227357275,-3.7021431784164767,2.957407897164903,142.2,136.6
16.699999999999996,-1.9014289283089458,3.8484081390487086,-3.9983958087564644,3.682205495613001,130.35,134.0
16.799999999999997,0.020307079941055583,3.076371870419902,-2.9968441279164315,3.1083961843936754,134.15,137.35
16.899999999999995,-1.8052925256126227,3.2183669433545634,-4.284155401695548,2.937218468628654,143.65,132.45
16.999999999999996,0.11692578575558707,3.242400597598145,-3.915021359673715,3.6552767159258934,135.5,136.05
17.099999999999998,-0.12864816591474817,2.9876569956641386,-2.82927841414116,4.526774942436038,145.75,142.8
17.199999999999996,-1.0874087000653796,2.869900984196989,-3.892881502577615,3.4271354994255594,142.55,148.4
17.299999999999997,0.0012331021912987516,2.962558824757753,-2.9145363114494613,3.272720089361503,133.0,134.05
17.399999999999995,0.4078039878096093,2.3927152614611353,-4.783541735225038,4.544953791945502,145.5,143.85
17.499999999999996,-1.0262177744492775,2.937768662758377,-4.2129697359132665,4.157106574837708,141.2,136.4
17.599999999999998,-1.9570469627859395,5.206665527452845,-3.6103945033994607,2.8812286731831565,144.75,140.55
17.699999999999996,-0.47230019693400555,3.323692594851229,-2.8556123305877943,3.06659803665828,135.45,137.55
17.799999999999997,-0.6271495591938274,2.0809979359167032,-2.8085499057764207,3.6507076398583718,134.0,136.25
17.899999999999995,-0.0895782028264818,3.5969349674780933,-4.294672174789272,3.980991371115777,135.25,142.3
17.999999999999996,-0.9146337835268415,3.2560114644154954,-3.418091465145642,3.4294874095970167,142.65,142.3
18.099999999999994,-1.5075964166758364,3.075626383241152,-3.6957389753695997,2.146225843748753,142.65,130.9
18.199999999999996,-1.0560224741089828,3.234343607341422,-4.780612397119754,4.480357907871828,147.35,139.85
18.299999999999997,-0.9401297768661999,2.4646219053826175,-2.776005331774277,2.367975840146444,149.3,130.45
18.399999999999995,0.2325583863020683,3.398610557088492,-2.6206516084161313,2.9462907945921684,136.8,141.35
18.499999999999996,-0.41557667555424443,2.6834320633460687,-2.952212107988963,2.875126420645967,143.75,140.15
18.599999999999994,-0.6692056572764107,3.390147045762938,-3.596827839390938,3.3589923429890844,142.3,142.9
18.699999999999996,1.266759520222348,2.4988455094374222,-3.2405577113568165,2.362351194709502,136.7,142.4
18.799999999999997,-0.8931536750886876,1.8351969479554826,-3.0493292915687604,3.053021866019105,136.5,147.85
18.899999999999995,0.7363437140055787,4.3735292618093515,-3.6447191503933745,2.619989300112456,148.8,144.4
18.999999999999996,1.7372170108896152,3.581181356722696,-4.429363584882576,3.500957766216894,135.75,145.35
19.099999999999994,0.3078432072410392,2.20859295038491,-4.504209572274481,3.39845716688103,141.6,147.4
19.199999999999996,1.0807288794316454,3.104699538298684,-3.5916931670009644,3.8940735090519616,143.1,140.45
19.299999999999997,0.42515646848653993,2.203487844862635,-2.8748787764556445,2.779903113689971,149.1,143.65
19.399999999999995,0.7189736090972885,2.98914358866088,-4.194021070860949,3.7612040790713475,142.4,145.25
19.499999999999996,0.16134947026619748,3.4282628247995475,-3.189694522719767,2.060369324416309,143.25,147.15
19.599999999999994,0.2811074670701036,2.7341452315796557,-2.776836003263131,3.8311431918667402,143.85,145.7
19.699999999999996,1.3422379176033283,2.9761800327172967,-4.3632900817784295,2.6564512736531944,142.25,142.75
19.799999999999997,1.1741275026017515,3.239433347282102,-4.235141437145769,3.5078703153588693,150.35,150.55
19.899999999999995,0.03248057453821793,4.152038680008072,-3.0827602648070225,2.916328691696932,145.9,136.4
19.999999999999996,0.3236065600192357,3.633496090139902,-4.579799192867822,3.6052085996563212,149.1,146.55
